IQR,meanfun,label
0.075121951,0.084279106,0
0.073252323,0.107936554,0
0.123206961,0.098706262,0
0.111373524,0.088964849,0
0.127324711,0.106397845,0
0.141633606,0.11013192,0
0.112819149,0.105944515,0
0.121429706,0.09305243,0
0.120381166,0.096728946,0
0.12637713,0.105880926,0
0.115309819,0.088893983,0
0.115425532,0.104199319,0
0.126081871,0.092644019,0
0.100693241,0.131503722,0
0.111003812,0.102798695,0
0.112677295,0.102045991,0
0.112076242,0.113322801,0
0.121226611,0.079718312,0
0.124068169,0.083484022,0
0.120553819,0.090129539,0
0.12529755,0.093573513,0
0.125501618,0.09864341,0
0.113519062,0.062541644,0
0.126136681,0.077698415,0
0.116319499,0.098944146,0
0.121776605,0.082962611,0
0.121843003,0.082451321,0
0.122514669,0.130598328,0
0.117826087,0.120052184,0
0.12293578,0.126607441,0
0.121634409,0.067407499,0
0.123002208,0.127719891,0
0.125469062,0.132726096,0
0.123529412,0.124684802,0
0.125137615,0.124533186,0
0.117972028,0.120254421,0
0.073504736,0.142748251,0
0.119562044,0.138903871,0
0.072689173,0.131376326,0
0.117076023,0.127529186,0
0.114910784,0.141183375,0
0.116246116,0.081563761,0
0.112735703,0.101681481,0
0.112426938,0.095597118,0
0.112082111,0.101718928,0
0.10547534,0.097531607,0
0.113372229,0.080459827,0
0.116804037,0.055565349,0
0.114744724,0.101394916,0
0.114169742,0.076307418,0
0.117357002,0.098872557,0
0.112716328,0.090751058,0
0.11047014,0.10139476,0
0.11145222,0.109319559,0
0.117039529,0.11225641,0
0.12398827,0.103669506,0
0.117007299,0.10324956,0
0.184609887,0.130887525,0
0.178856346,0.134314213,0
0.100260782,0.117359321,0
0.144108352,0.114742726,0
0.109503785,0.120815369,0
0.136423358,0.110260303,0
0.144821313,0.103803137,0
0.137113402,0.117022269,0
0.130092924,0.131733573,0
0.125089686,0.117297836,0
0.045249755,0.141810406,0
0.061890244,0.121546254,0
0.070208457,0.130983328,0
0.075272128,0.132089064,0
0.10792318,0.132075365,0
0.113179539,0.102626438,0
0.050866274,0.165155381,0
0.112080057,0.081164739,0
0.063684879,0.152012545,0
0.1045867,0.138197601,0
0.075450122,0.13371745,0
0.076879095,0.159106931,0
0.066824114,0.149386704,0
0.104777637,0.139378258,0
0.056885645,0.147350977,0
0.092312868,0.168037876,0
0.095565928,0.080595084,0
0.085274212,0.081017495,0
0.075503574,0.065827449,0
0.093493425,0.078362852,0
0.094170404,0.06347518,0
0.088631722,0.083127893,0
0.071830065,0.081504732,0
0.081085044,0.112022748,0
0.081906158,0.072135733,0
0.094525547,0.073051326,0
0.150088235,0.091146586,0
0.165478424,0.087918173,0
0.163777609,0.075906856,0
0.154566474,0.092960948,0
0.121349622,0.087384208,0
0.122574378,0.090380442,0
0.155575916,0.100796329,0
0.132473118,0.081201173,0
0.177861635,0.094922696,0
0.147641326,0.081574582,0
0.118162912,0.110565779,0
0.115332303,0.10184148,0
0.112392065,0.097513464,0
0.110170184,0.126955523,0
0.125088757,0.111031616,0
0.104439359,0.128124206,0
0.121266599,0.125992936,0
0.108968335,0.113943951,0
0.124110813,0.110460819,0
0.114213625,0.111528406,0
0.123480334,0.111090258,0
0.191931994,0.107764608,0
0.14029661,0.100032404,0
0.135389948,0.132118679,0
0.079584055,0.093611219,0
0.133095068,0.104771576,0
0.143639515,0.10776458,0
0.131467269,0.086093777,0
0.118804418,0.072395615,0
0.140625559,0.082758199,0
0.150009533,0.057045239,0
0.143885618,0.075929274,0
0.134142259,0.081219208,0
0.129610706,0.081858264,0
0.153347458,0.060965707,0
0.123840654,0.075177599,0
0.133925049,0.074280664,0
0.08712766,0.116122398,0
0.074544372,0.115129092,0
0.079562842,0.124133328,0
0.093174061,0.123413774,0
0.080257327,0.130055059,0
0.150243902,0.102113993,0
0.146766508,0.103532714,0
0.144095745,0.094652835,0
0.116170213,0.109042884,0
0.138689009,0.097562195,0
0.138338727,0.099846007,0
0.135663225,0.104030301,0
0.151207116,0.076737057,0
0.145131965,0.10164205,0
0.140781032,0.106525451,0
0.124785643,0.110126869,0
0.153891951,0.105228296,0
0.172613636,0.101964494,0
0.131850312,0.112680601,0
0.177591436,0.092353505,0
0.173892216,0.102800059,0
0.172207447,0.105633312,0
0.181713222,0.10467605,0
0.172215909,0.107385958,0
0.166297297,0.086613856,0
0.142380216,0.089304959,0
0.141223193,0.079046324,0
0.124098491,0.076995876,0
0.133619303,0.076254855,0
0.14747141,0.073469975,0
0.117209302,0.071791115,0
0.138346799,0.077556611,0
0.125693431,0.07147436,0
0.144336775,0.06851771,0
0.140583681,0.089869829,0
0.114242135,0.108794682,0
0.121730205,0.10337593,0
0.156755319,0.093395001,0
0.149237537,0.110761256,0
0.162785924,0.107189384,0
0.156415634,0.109991594,0
0.137207447,0.107986273,0
0.129120235,0.102819841,0
0.11493533,0.087281373,0
0.123538296,0.090938686,0
0.10079058,0.086565344,0
0.106569507,0.0885115,0
0.109745763,0.078778277,0
0.119411765,0.112567705,0
0.095547445,0.093559813,0
0.104249513,0.108234304,0
0.114505904,0.095088742,0
0.107973856,0.10551044,0
0.101041931,0.084462071,0
0.125046257,0.097881272,0
0.11559633,0.124566869,0
0.122181818,0.122605478,0
0.127466667,0.142061738,0
0.149066667,0.110157455,0
0.129612903,0.108599869,0
0.116196616,0.127453139,0
0.122561118,0.098098371,0
0.107932961,0.119752213,0
0.142040073,0.114735753,0
0.104070796,0.12404485,0
0.120884265,0.085121905,0
0.106442389,0.085836574,0
0.121866978,0.091389336,0
0.111914242,0.094506486,0
0.113681201,0.091532956,0
0.1292977,0.093466964,0
0.105984325,0.088958571,0
0.111702128,0.106672485,0
0.125412961,0.09279642,0
0.106811237,0.091649674,0
0.100582524,0.127429903,0
0.11651359,0.119785476,0
0.101367812,0.120378404,0
0.129719073,0.119850534,0
0.092747559,0.113753961,0
0.132811011,0.121152448,0
0.126940822,0.115707012,0
0.099337232,0.104838601,0
0.0958831,0.093217678,0
0.105048815,0.107671949,0
0.1104,0.109007947,0
0.103157895,0.120185312,0
0.106244204,0.116418828,0
0.109268293,0.107101023,0
0.109190939,0.117564991,0
0.109540347,0.103155717,0
0.105694282,0.111500811,0
0.100997067,0.110489616,0
0.114241164,0.1162977,0
0.107022996,0.113219253,0
0.106244204,0.105127842,0
0.092850679,0.105464546,0
0.154610592,0.116307881,0
0.149539078,0.118942818,0
0.118870497,0.102381648,0
0.132134831,0.116250896,0
0.119117199,0.119859246,0
0.116283059,0.133667303,0
0.161339031,0.115930282,0
0.142918509,0.115236925,0
0.118900916,0.116389636,0
0.136267943,0.127758009,0
0.149966102,0.104196607,0
0.145330661,0.114502957,0
0.133394216,0.121770478,0
0.149593693,0.124953945,0
0.164093023,0.105699612,0
0.140223285,0.111934436,0
0.115885714,0.103553279,0
0.126083263,0.092951583,0
0.099753593,0.1068484,0
0.184730942,0.102682997,0
0.167531381,0.093241236,0
0.130121655,0.090139595,0
0.183235294,0.078679259,0
0.169601204,0.084082999,0
0.143489736,0.097809228,0
0.154930448,0.089230053,0
0.125523114,0.10547396,0
0.144074844,0.097032068,0
0.18618999,0.075519406,0
0.034809437,0.138001752,0
0.033829558,0.116978002,0
0.036766414,0.118713194,0
0.048823249,0.127353312,0
0.023859263,0.126859663,0
0.021841085,0.125254632,0
0.031748452,0.126727961,0
0.035045474,0.121583422,0
0.027521785,0.110793747,0
0.036618005,0.124419922,0
0.104042466,0.094742647,0
0.11415978,0.115597788,0
0.108368201,0.0979793,0
0.107401247,0.118827792,0
0.108663446,0.10893172,0
0.116569387,0.116721308,0
0.11092182,0.118013237,0
0.104421617,0.104231424,0
0.103115769,0.098502253,0
0.119369147,0.104354191,0
0.120490046,0.114927321,0
0.117126304,0.108934973,0
0.115332811,0.12324008,0
0.118575198,0.108613476,0
0.120472561,0.118108982,0
0.112358029,0.108212247,0
0.122578475,0.129391732,0
0.11896861,0.122059316,0
0.119404407,0.102041517,0
0.11637741,0.116107582,0
0.114401806,0.113350423,0
0.094705882,0.115719958,0
0.100788955,0.136280508,0
0.107968442,0.129018187,0
0.136663489,0.106944051,0
0.050039714,0.100127496,0
0.067579787,0.104004298,0
0.150543375,0.089682102,0
0.115677966,0.099776155,0
0.142966102,0.092097775,0
0.141530698,0.095733413,0
0.145166052,0.094070741,0
0.116283059,0.133667303,0
0.105825771,0.134526931,0
0.08033712,0.147039824,0
0.094306682,0.149085989,0
0.101949391,0.14223686,0
0.087641734,0.141019807,0
0.048161656,0.172846703,0
0.08503864,0.123181451,0
0.091355932,0.129796719,0
0.119335106,0.113574337,0
0.110029326,0.132980469,0
0.062271644,0.114972379,0
0.085414681,0.136302006,0
0.09996732,0.116404726,0
0.106704871,0.114009542,0
0.102245989,0.103079486,0
0.103345836,0.093289736,0
0.104266874,0.101872414,0
0.103062545,0.109530652,0
0.103136095,0.098984086,0
0.100825206,0.102147539,0
0.10278481,0.105191975,0
0.101507997,0.097749411,0
0.102209217,0.090285382,0
0.103431221,0.094672745,0
0.105796662,0.097638658,0
0.103587444,0.10542532,0
0.105025792,0.102589866,0
0.10278751,0.105293312,0
0.104452718,0.100617265,0
0.104167832,0.109945814,0
0.104606152,0.109042648,0
0.101779141,0.102157537,0
0.10694902,0.103889887,0
0.1045625,0.110349557,0
0.10669746,0.097767958,0
0.10712856,0.105013553,0
0.10705314,0.111861049,0
0.105188607,0.091152277,0
0.104752941,0.101788259,0
0.105378671,0.088531087,0
0.103673469,0.097181305,0
0.102505626,0.100199952,0
0.102715679,0.108183381,0
0.103282209,0.099571374,0
0.103886926,0.108236746,0
0.106647357,0.093788413,0
0.103068783,0.103934142,0
0.105327103,0.112261708,0
0.104678445,0.112816706,0
0.101524249,0.115249114,0
0.103643014,0.101953312,0
0.1019375,0.100367618,0
0.103201787,0.104481337,0
0.104729521,0.108776633,0
0.108340675,0.097873823,0
0.106305779,0.097571882,0
0.11350486,0.097219881,0
0.11337766,0.107671862,0
0.116679494,0.109029556,0
0.11649635,0.111296787,0
0.115080906,0.120490662,0
0.114757744,0.107117011,0
0.113191489,0.118677924,0
0.166230248,0.111859289,0
0.120540111,0.09600225,0
0.131676829,0.115785087,0
0.160664894,0.103755729,0
0.12780083,0.119184839,0
0.156461704,0.116695535,0
0.14370744,0.116054338,0
0.150974448,0.103768925,0
0.117538462,0.121784101,0
0.115979203,0.120164608,0
0.111539365,0.11454387,0
0.112857143,0.108870604,0
0.116426117,0.095245529,0
0.110116429,0.098694157,0
0.119196787,0.109249551,0
0.108855932,0.113069508,0
0.115384615,0.1161128,0
0.113031161,0.111374855,0
0.100542797,0.112743575,0
0.12173913,0.116147375,0
0.118501873,0.111736197,0
0.096230599,0.112381362,0
0.110163934,0.110858003,0
0.105045278,0.113349222,0
0.143076923,0.115409809,0
0.116307692,0.120015544,0
0.123241252,0.105101662,0
0.117313433,0.115888707,0
0.11046875,0.105155606,0
0.101771218,0.111048831,0
0.114878269,0.118455516,0
0.117369863,0.1110752,0
0.095128205,0.115974585,0
0.106102362,0.119043017,0
0.104932039,0.119633074,0
0.105494028,0.113397788,0
0.100489396,0.101645708,0
0.110446321,0.120294222,0
0.125602837,0.114170156,0
0.109039914,0.112360438,0
0.103897316,0.116028443,0
0.110545455,0.120208406,0
0.118734177,0.119255218,0
0.118072289,0.112888871,0
0.115979203,0.126094232,0
0.100769231,0.121836104,0
0.109778296,0.110041639,0
0.123079292,0.111157283,0
0.098976744,0.108469864,0
0.098407767,0.109011188,0
0.093796526,0.105533237,0
0.113160622,0.109372112,0
0.106060606,0.104113715,0
0.105127582,0.104612421,0
0.106363636,0.110113936,0
0.103297746,0.106557196,0
0.108400598,0.110244194,0
0.113618497,0.115311079,0
0.124037383,0.116569388,0
0.115451647,0.113586324,0
0.116127168,0.101098101,0
0.107946128,0.11026494,0
0.12173913,0.120147309,0
0.103285303,0.118526221,0
0.110555556,0.102834659,0
0.106884176,0.107314652,0
0.112101449,0.1079737,0
0.103783784,0.114696057,0
0.118553191,0.109506265,0
0.115294118,0.101130272,0
0.111034483,0.124619254,0
0.119425676,0.109864803,0
0.106842105,0.110384826,0
0.154257095,0.106217488,0
0.112743363,0.120867692,0
0.108259109,0.115489456,0
0.112573624,0.114290921,0
0.094572271,0.114168261,0
0.123338485,0.118449278,0
0.117393768,0.109308144,0
0.098225806,0.114190616,0
0.125956113,0.117812684,0
0.10137931,0.110099145,0
0.113301065,0.115241022,0
0.114146341,0.111133356,0
0.100338983,0.107823584,0
0.101303371,0.11278271,0
0.088732394,0.109494614,0
0.096923077,0.117045075,0
0.113877551,0.116903802,0
0.116837482,0.126415093,0
0.142877569,0.09747191,0
0.037365685,0.101011491,0
0.109598366,0.094444023,0
0.091976744,0.115847134,0
0.11187017,0.108020931,0
0.109652352,0.113603862,0
0.113400834,0.115771374,0
0.099021821,0.110586381,0
0.113005319,0.106148076,0
0.116420137,0.112769325,0
0.099035874,0.08061413,0
0.107565982,0.071168145,0
0.089123253,0.132928295,0
0.079761621,0.108979335,0
0.062357019,0.11102423,0
0.082984658,0.111842683,0
0.087022107,0.118520134,0
0.091831993,0.118736603,0
0.084777124,0.099407161,0
0.085449591,0.127126036,0
0.08840484,0.119014022,0
0.072437811,0.106929575,0
0.084825737,0.110918126,0
0.118794436,0.125526606,0
0.117667238,0.122067729,0
0.127742704,0.129275822,0
0.127290922,0.124194418,0
0.129760638,0.127703404,0
0.113067591,0.100155311,0
0.114681916,0.123514935,0
0.099816139,0.113920741,0
0.11893681,0.119849346,0
0.177788191,0.138232927,0
0.142567422,0.140524782,0
0.132767528,0.109004754,0
0.12729783,0.133456666,0
0.128468346,0.134081632,0
0.131995685,0.117862899,0
0.123782991,0.131518644,0
0.121730205,0.124489969,0
0.158676028,0.131858635,0
0.07618846,0.127690212,0
0.074329055,0.135308185,0
0.062870756,0.136642802,0
0.067295209,0.1324576,0
0.097410643,0.131115848,0
0.150556925,0.110488933,0
0.092443839,0.119024042,0
0.069812332,0.129064343,0
0.070774908,0.12905835,0
0.09377799,0.128289248,0
0.187074236,0.123620257,0
0.120589971,0.127236489,0
0.117023164,0.122719278,0
0.11478534,0.141771681,0
0.171118778,0.122975812,0
0.149927415,0.148467075,0
0.127404343,0.130283589,0
0.093975904,0.117121916,0
0.137309019,0.116985402,0
0.125842697,0.128543213,0
0.106432749,0.102370609,0
0.114899536,0.084838866,0
0.113280915,0.088670973,0
0.108961494,0.093507639,0
0.104955527,0.095860266,0
0.111687587,0.09681669,0
0.110114358,0.09079563,0
0.115140187,0.102929925,0
0.133157606,0.09164744,0
0.162547903,0.094866655,0
0.142053952,0.095086608,0
0.169838536,0.10690366,0
0.162828619,0.08590859,0
0.141213873,0.079666795,0
0.173473344,0.090350059,0
0.100166389,0.093863067,0
0.078596491,0.090805946,0
0.119450644,0.082045913,0
0.100258679,0.139353024,0
0.114918348,0.136684211,0
0.09944319,0.130410073,0
0.056032018,0.120920853,0
0.07323601,0.118406622,0
0.160888889,0.074020769,0
0.140081443,0.078179813,0
0.180796646,0.07448185,0
0.123377778,0.071610081,0
0.196167665,0.076402186,0
0.134644809,0.064366703,0
0.126800967,0.073122644,0
0.138210227,0.074691934,0
0.162115385,0.066563908,0
0.138362573,0.070249284,0
0.127154255,0.081689643,0
0.130294627,0.085798977,0
0.105844504,0.08548453,0
0.114234663,0.085489533,0
0.117426529,0.08631501,0
0.114101877,0.092577087,0
0.134042553,0.091686966,0
0.119700477,0.085795436,0
0.116072094,0.086956089,0
0.107706303,0.08217041,0
0.148062827,0.100477175,0
0.12461126,0.084688721,0
0.117104558,0.089792422,0
0.111329787,0.090472014,0
0.124760148,0.103000399,0
0.127537362,0.097054156,0
0.115644769,0.101573578,0
0.117871326,0.099437994,0
0.131344668,0.100263865,0
0.104593387,0.101699939,0
0.104354244,0.083904732,0
0.121072067,0.107764202,0
0.149022869,0.113352435,0
0.175939323,0.104033219,0
0.145683248,0.109436728,0
0.177605178,0.106895494,0
0.134814815,0.111085453,0
0.158992248,0.121895798,0
0.122783172,0.11173916,0
0.14224674,0.11298998,0
0.141757322,0.098337772,0
0.152596064,0.126163243,0
0.179369483,0.129129178,0
0.120686204,0.126885306,0
0.127055961,0.124997378,0
0.115616728,0.111285548,0
0.124272818,0.128034324,0
0.12303988,0.129089941,0
0.128873642,0.132628339,0
0.127064829,0.131712826,0
0.115507148,0.132163571,0
0.147884323,0.114102047,0
0.107095621,0.132863118,0
0.099364407,0.131937847,0
0.131862891,0.12331233,0
0.048940678,0.171643618,0
0.094747475,0.130455177,0
0.118493976,0.122244328,0
0.097399592,0.117811192,0
0.090664424,0.11518075,0
0.1026762,0.094817045,0
0.095018811,0.103282233,0
0.075932203,0.094400516,0
0.101835106,0.125937251,0
0.085845909,0.104965046,0
0.09340176,0.102248106,0
0.101034103,0.085566878,0
0.103760218,0.102431715,0
0.117438017,0.098397466,0
0.120036563,0.095639679,0
0.107369792,0.098608875,0
0.114201474,0.118590378,0
0.147541436,0.110245385,0
0.124238411,0.116346471,0
0.16398682,0.10678625,0
0.126348548,0.111483972,0
0.113581921,0.099438447,0
0.110967742,0.114710122,0
0.128200972,0.103969451,0
0.126526123,0.120527406,0
0.114661792,0.123096334,0
0.14547787,0.111043177,0
0.117403216,0.104260377,0
0.115968504,0.110622698,0
0.125621622,0.112855417,0
0.106834382,0.114003963,0
0.154241245,0.099249586,0
0.121870504,0.095537202,0
0.111008468,0.09338787,0
0.127321258,0.109994169,0
0.101727516,0.119315238,0
0.138265014,0.100752018,0
0.132956752,0.107425402,0
0.124685803,0.107724728,0
0.116969093,0.108887413,0
0.115894826,0.103929969,0
0.15257485,0.120958777,0
0.111762208,0.093939382,0
0.101065089,0.101049942,0
0.143275472,0.124463212,0
0.138167539,0.103186991,0
0.131113772,0.12295792,0
0.106086957,0.104068101,0
0.123482506,0.111527994,0
0.114191121,0.178502971,0
0.150218209,0.160001733,0
0.136823956,0.169233612,0
0.130505319,0.161465728,0
0.138043202,0.16819385,0
0.08322357,0.160875719,0
0.055106383,0.177865655,0
0.126081871,0.169235678,0
0.084208119,0.179050678,0
0.092141119,0.17776974,0
0.116221837,0.124298152,0
0.121182078,0.104608079,0
0.134567733,0.104385643,0
0.155784314,0.110159204,0
0.119428118,0.120496281,0
0.111525424,0.103740105,0
0.110635593,0.111993691,0
0.167660312,0.11449409,0
0.115571848,0.113307281,0
0.121013072,0.124321809,0
0.091554252,0.07173922,0
0.109974769,0.101183134,0
0.100471766,0.095700064,0
0.114505904,0.101875593,0
0.071489362,0.115972115,0
0.097367021,0.125267616,0
0.083451562,0.120800724,0
0.089588766,0.114118692,0
0.090614887,0.115067414,0
0.088210406,0.117233398,0
0.099154539,0.099670888,0
0.105711961,0.097133069,0
0.100265833,0.095382198,0
0.099641694,0.102147018,0
0.098383562,0.099035819,0
0.105727003,0.110410356,0
0.098033573,0.094895148,0
0.105259687,0.100360095,0
0.099654179,0.100271313,0
0.098720749,0.098262724,0
0.098033573,0.096564298,0
0.101047463,0.097339319,0
0.099896373,0.109455888,0
0.103110395,0.109356248,0
0.097967417,0.099490031,0
0.106125212,0.10214847,0
0.098227474,0.096315741,0
0.100208333,0.105999073,0
0.100645161,0.096178161,0
0.097212714,0.092267547,0
0.100597637,0.097985071,0
0.108084487,0.079302139,0
0.10179828,0.096414969,0
0.100961538,0.095803342,0
0.100254682,0.094727556,0
0.11324547,0.093961141,0
0.098588589,0.095125004,0
0.110605809,0.095149206,0
0.096661912,0.090785598,0
0.101511254,0.098489998,0
0.102176977,0.103780966,0
0.102073579,0.095919269,0
0.10159292,0.099987225,0
0.103123028,0.100916782,0
0.098732171,0.10181972,0
0.10699187,0.091686996,0
0.097631579,0.095422914,0
0.101405405,0.10379948,0
0.099153675,0.102645049,0
0.107313808,0.097131713,0
0.099674452,0.107234291,0
0.101879518,0.099888198,0
0.099086758,0.102077223,0
0.103892405,0.10446892,0
0.098080229,0.100183951,0
0.101386749,0.111854901,0
0.095957447,0.089967081,0
0.098903226,0.099679263,0
0.101766689,0.093707274,0
0.105643485,0.100835322,0
0.09809177,0.094115548,0
0.097953795,0.092334765,0
0.096749634,0.107049347,0
0.103362218,0.109519086,0
0.108859813,0.102100231,0
0.104934579,0.102025736,0
0.109184783,0.092510449,0
0.102505626,0.095361877,0
0.104128843,0.094746761,0
0.117344398,0.094828405,0
0.107608906,0.094893816,0
0.098405797,0.095971357,0
0.098303748,0.093142065,0
0.109435115,0.095223056,0
0.106504673,0.101996718,0
0.107894737,0.094562579,0
0.099528024,0.102131131,0
0.097971014,0.107601523,0
0.098701299,0.090731233,0
0.101346801,0.088246598,0
0.10116129,0.107460252,0
0.103176179,0.096447493,0
0.103688464,0.097316619,0
0.09877551,0.089936067,0
0.10136909,0.095782326,0
0.101060802,0.093762043,0
0.100895916,0.099938472,0
0.1034375,0.090841074,0
0.101428571,0.09806897,0
0.097364568,0.093656577,0
0.101524249,0.095611283,0
0.101687243,0.088102276,0
0.099964476,0.110690836,0
0.105976096,0.101888217,0
0.108516746,0.096194591,0
0.104689165,0.093940737,0
0.096986301,0.104607685,0
0.103713478,0.106505263,0
0.104682779,0.095641652,0
0.101818182,0.095896396,0
0.108712121,0.106672741,0
0.108580858,0.097599167,0
0.10553979,0.096536702,0
0.099226069,0.095105321,0
0.09628692,0.095852405,0
0.100016849,0.102844638,0
0.100853081,0.100181121,0
0.099822768,0.099267949,0
0.103432836,0.102813475,0
0.107032258,0.090458847,0
0.099115044,0.09800783,0
0.10255144,0.108705968,0
0.106222222,0.11238066,0
0.110943396,0.103951339,0
0.103805914,0.098357648,0
0.108726514,0.10666652,0
0.109776675,0.106554322,0
0.102229402,0.091119875,0
0.097453799,0.108997908,0
0.102,0.092866224,0
0.097660695,0.104901403,0
0.117096774,0.091425928,0
0.101800142,0.098589335,0
0.095435435,0.103017102,0
0.105032988,0.106113736,0
0.103983402,0.107543679,0
0.099513973,0.097703703,0
0.106337079,0.099661371,0
0.101535039,0.108406033,0
0.098083121,0.098031026,0
0.100669261,0.094131144,0
0.099670782,0.091480993,0
0.101242938,0.10117864,0
0.113365854,0.108321224,0
0.1084375,0.107576617,0
0.09645933,0.083562098,0
0.113497326,0.095959687,0
0.105,0.109784798,0
0.10637206,0.105569602,0
0.106693174,0.096395688,0
0.095378995,0.093313401,0
0.104680851,0.093851494,0
0.0957022,0.086478554,0
0.108101266,0.095160811,0
0.099364732,0.103429101,0
0.105415318,0.110437693,0
0.071578947,0.132277326,0
0.092331288,0.131275634,0
0.082605364,0.136086032,0
0.107359551,0.115764907,0
0.105701079,0.104841779,0
0.076193656,0.111493525,0
0.102365591,0.143545214,0
0.096344086,0.123731951,0
0.101211009,0.137278265,0
0.083508772,0.121079209,0
0.102215289,0.10940773,0
0.079671053,0.125876414,0
0.119845758,0.123233311,0
0.1104363,0.12962363,0
0.090690265,0.114158065,0
0.096940419,0.135327413,0
0.067764706,0.121781169,0
0.096133333,0.123788164,0
0.077552335,0.122803909,0
0.086458924,0.11918971,0
0.095494737,0.110123905,0
0.087296849,0.119002204,0
0.113500838,0.127933369,0
0.09920937,0.122621288,0
0.088554217,0.111889581,0
0.10880829,0.121085852,0
0.110538336,0.125288842,0
0.082112933,0.116109922,0
0.102421053,0.117071916,0
0.114051724,0.113763033,0
0.084112903,0.111750169,0
0.104711697,0.1248582,0
0.068173913,0.13361574,0
0.10434188,0.121944564,0
0.111633987,0.126560976,0
0.087774295,0.112162311,0
0.102778731,0.131661886,0
0.09952381,0.117953144,0
0.089042146,0.112631538,0
0.10855615,0.117193178,0
0.101775544,0.118620143,0
0.101124361,0.119022366,0
0.099453552,0.120717294,0
0.101775544,0.11436113,0
0.105932504,0.114281275,0
0.10968595,0.118034404,0
0.10260274,0.130612305,0
0.093333333,0.113172043,0
0.062608696,0.124998038,0
0.105454545,0.147472372,0
0.094274194,0.12833326,0
0.098390805,0.125012128,0
0.080347826,0.129440649,0
0.112597865,0.126106863,0
0.092080537,0.112473352,0
0.091072664,0.106991824,0
0.096683761,0.121318856,0
0.085525292,0.145738497,0
0.106105263,0.122665736,0
0.080834783,0.108809217,0
0.120176991,0.124485842,0
0.094,0.087385478,0
0.11350486,0.101207033,0
0.120235294,0.132534513,0
0.104624809,0.149405943,0
0.124962179,0.13362388,0
0.113053546,0.144830538,0
0.112088608,0.132170727,0
0.114308511,0.128483539,0
0.117989691,0.134626466,0
0.110847458,0.132326317,0
0.107134146,0.126112118,0
0.113105263,0.128787607,0
0.114191919,0.131759211,0
0.117014925,0.120088681,0
0.116115486,0.134678374,0
0.109302915,0.128648886,0
0.10658858,0.127155848,0
0.111924119,0.124391977,0
0.11030303,0.126359687,0
0.11795,0.134528873,0
0.105844504,0.125718208,0
0.125543478,0.146746174,0
0.117217848,0.146562391,0
0.114020619,0.143489618,0
0.095877342,0.128266357,0
0.109356223,0.138503684,0
0.111792976,0.12102799,0
0.119055118,0.128718225,0
0.11827957,0.124752915,0
0.108783784,0.140678135,0
0.121626617,0.146439143,0
0.103133333,0.130284112,0
0.124698206,0.154437033,0
0.121288245,0.136140453,0
0.116086235,0.123889229,0
0.116666667,0.14259026,0
0.1106875,0.133211012,0
0.121267606,0.13402138,0
0.120775444,0.125249459,0
0.11495935,0.140248164,0
0.0940625,0.135029853,0
0.129347826,0.13237615,0
0.110990991,0.132197611,0
0.108625235,0.139392248,0
0.116838235,0.136126185,0
0.108141026,0.131555864,0
0.114645669,0.135477245,0
0.113623188,0.140711236,0
0.095372751,0.126410707,0
0.114834206,0.13212904,0
0.117389886,0.123961884,0
0.116865417,0.134045699,0
0.112078652,0.136617469,0
0.111287758,0.133796638,0
0.120555556,0.144158913,0
0.105868613,0.138978448,0
0.108024691,0.134775967,0
0.102280992,0.14461354,0
0.109929577,0.141513483,0
0.119671233,0.140188867,0
0.106133333,0.129940712,0
0.116955752,0.130457383,0
0.128962656,0.129989626,0
0.106715064,0.121224962,0
0.11582906,0.115284385,0
0.120066225,0.126695697,0
0.116160991,0.115723055,0
0.118427673,0.118071697,0
0.126402189,0.128070967,0
0.124982699,0.113616151,0
0.108273381,0.115817137,0
0.120457666,0.119334903,0
0.113014827,0.126699418,0
0.115682968,0.11410656,0
0.116190476,0.11757432,0
0.120794224,0.127035948,0
0.118088962,0.131571678,0
0.113457249,0.127949779,0
0.118616715,0.118140473,0
0.119074733,0.124312451,0
0.112828096,0.124132612,0
0.12317041,0.12852983,0
0.114520548,0.123779334,0
0.114316547,0.129153015,0
0.113191489,0.129869774,0
0.117565923,0.129865626,0
0.122830189,0.117279169,0
0.124872299,0.120762049,0
0.114990792,0.127857412,0
0.112074468,0.120308336,0
0.120321285,0.129999201,0
0.116631579,0.114859951,0
0.116141479,0.130176668,0
0.107968,0.123087746,0
0.118065764,0.118799152,0
0.12119403,0.133711903,0
0.119330289,0.129198105,0
0.114520548,0.123770708,0
0.123333333,0.124122888,0
0.121032258,0.142393403,0
0.11014218,0.131409588,0
0.11053701,0.122174398,0
0.11805175,0.127748174,0
0.112310536,0.118303156,0
0.128273504,0.131275355,0
0.103908046,0.136466264,0
0.11490566,0.130205412,0
0.116599424,0.117582064,0
0.111139565,0.118564447,0
0.108045977,0.130960603,0
0.120622837,0.121430013,0
0.110392749,0.115360632,0
0.107810219,0.135410201,0
0.106737589,0.121990552,0
0.115034965,0.122026316,0
0.118165138,0.119705594,0
0.116344828,0.138740188,0
0.119759036,0.126003342,0
0.113360324,0.128656128,0
0.119556377,0.118062521,0
0.116732394,0.129015302,0
0.121035008,0.131445758,0
0.105692542,0.126663687,0
0.112888889,0.116962866,0
0.107285922,0.121233545,0
0.109276808,0.118594879,0
0.08370258,0.119759367,0
0.106179775,0.126365013,0
0.103018868,0.113174985,0
0.102815675,0.137609131,0
0.097783075,0.123697996,0
0.098518519,0.116813538,0
0.093915212,0.120585945,0
0.093217391,0.117904784,0
0.078531571,0.112952923,0
0.118887262,0.127269104,0
0.092206367,0.118711083,0
0.099405941,0.114454149,0
0.111498079,0.120660751,0
0.10688946,0.130267409,0
0.076,0.112662692,0
0.095555556,0.127979149,0
0.113010147,0.117400707,0
0.12491839,0.128908054,0
0.111857506,0.133683055,0
0.1075154,0.114682533,0
0.090769231,0.12865102,0
0.109949495,0.131676142,0
0.09453505,0.123907868,0
0.145274489,0.128291503,0
0.0995338,0.12643208,0
0.089541284,0.119709974,0
0.113353474,0.12249583,0
0.084205379,0.130962361,0
0.090455213,0.110514073,0
0.103478261,0.119088487,0
0.105698006,0.119681118,0
0.113290653,0.129917025,0
0.080257069,0.122820094,0
0.08733945,0.13660896,0
0.099076923,0.131355746,0
0.114279749,0.12476966,0
0.095875486,0.130247577,0
0.101818182,0.135462688,0
0.102707424,0.104782843,0
0.097688889,0.119180381,0
0.101358811,0.13424415,0
0.096432964,0.123763848,0
0.114947368,0.111045847,0
0.111023256,0.13001683,0
0.09462069,0.134786336,0
0.105127582,0.119048573,0
0.086560232,0.137189185,0
0.074744122,0.136946376,0
0.109135201,0.133017343,0
0.104892528,0.125785341,0
0.112243126,0.144151839,0
0.102307692,0.126552826,0
0.10950495,0.124146189,0
0.091643454,0.1282391,0
0.09103139,0.123040105,0
0.1148,0.110623576,0
0.11777027,0.13003476,0
0.093012048,0.113894303,0
0.100205479,0.12519035,0
0.117152778,0.134223792,0
0.101363636,0.135571444,0
0.093205479,0.125153413,0
0.109062003,0.116157734,0
0.108137931,0.12404976,0
0.1225,0.125471811,0
0.103157895,0.123985594,0
0.099122542,0.13392924,0
0.10275641,0.124893941,0
0.113969849,0.120320313,0
0.11183056,0.125343493,0
0.105826772,0.138659058,0
0.111049383,0.120722272,0
0.102236842,0.138986983,0
0.090136986,0.133339095,0
0.105945946,0.128076568,0
0.101494436,0.134417397,0
0.080824742,0.130937365,0
0.115510204,0.133846159,0
0.099917012,0.124359975,0
0.111042735,0.141118886,0
0.109795918,0.124401707,0
0.109387755,0.121535411,0
0.106715064,0.127889264,0
0.110429907,0.12055358,0
0.098390805,0.12383627,0
0.111034483,0.120371102,0
0.112,0.111458066,0
0.104843982,0.126774493,0
0.114892396,0.121207215,0
0.096410256,0.117747296,0
0.112486957,0.125575584,0
0.093788618,0.132015802,0
0.111608392,0.12467557,0
0.094285714,0.119274349,0
0.094357367,0.126506519,0
0.104174229,0.125493131,0
0.112998379,0.122072617,0
0.106666667,0.129462707,0
0.107326733,0.119593502,0
0.113430657,0.130252588,0
0.112090762,0.127913845,0
0.108888889,0.139321565,0
0.114018692,0.124478265,0
0.117247438,0.129140052,0
0.094357367,0.13109946,0
0.064020101,0.141496507,0
0.11639399,0.13573959,0
0.092160804,0.132548178,0
0.111019108,0.130278864,0
0.113035439,0.123877018,0
0.121642384,0.123836529,0
0.104603774,0.143058584,0
0.105,0.129220716,0
0.101012658,0.124496656,0
0.113333333,0.118220413,0
0.099591837,0.13728191,0
0.12244373,0.124136551,0
0.119449541,0.129446879,0
0.108763441,0.137188451,0
0.102462057,0.135787047,0
0.114446178,0.133196269,0
0.123795066,0.127262358,0
0.114641509,0.120189942,0
0.10137931,0.126400428,0
0.103384615,0.134925036,0
0.113464052,0.117680435,0
0.062637037,0.145812552,0
0.123478261,0.147962941,0
0.09350365,0.128891059,0
0.110473458,0.121052646,0
0.104903581,0.133091772,0
0.10619195,0.142627051,0
0.122568093,0.128609918,0
0.106060606,0.127216088,0
0.113014827,0.137664787,0
0.114011976,0.121381048,0
0.127272727,0.123609642,0
0.11838081,0.127633635,0
0.114074074,0.117966392,0
0.103575221,0.138418714,0
0.078603945,0.134166082,0
0.125142003,0.146308205,0
0.106900175,0.124912932,0
0.109511111,0.140013079,0
0.104448336,0.137307368,0
0.108360414,0.143260154,0
0.117996546,0.144218439,0
0.11084195,0.129153914,0
0.105844504,0.132251713,0
0.117807407,0.141514956,0
0.115405405,0.117273651,0
0.106627907,0.125216774,0
0.121578947,0.12916351,0
0.10060177,0.127910009,0
0.106521739,0.128691217,0
0.089230769,0.12925568,0
0.113629403,0.13164422,0
0.122594595,0.135908519,0
0.119268739,0.122925908,0
0.118479339,0.134914936,0
0.120541205,0.128867806,0
0.105549738,0.1309983,0
0.115484805,0.134688915,0
0.111931119,0.124774459,0
0.121700787,0.135220497,0
0.116941176,0.127737924,0
0.112543689,0.130075335,0
0.117104558,0.126353172,0
0.126553672,0.127859258,0
0.11806735,0.12905204,0
0.11687389,0.138961006,0
0.115805022,0.141444635,0
0.107013699,0.149394129,0
0.102972292,0.124731803,0
0.117856209,0.136595204,0
0.119358974,0.123996253,0
0.106995378,0.138214252,0
0.121208054,0.133304782,0
0.105796662,0.136317707,0
0.118592693,0.144180051,0
0.120296296,0.135326292,0
0.104059701,0.132415969,0
0.123663739,0.132593179,0
0.114742268,0.136392706,0
0.121616162,0.136432417,0
0.124378947,0.126846937,0
0.128589342,0.13053209,0
0.123312422,0.139780489,0
0.118461538,0.137507676,0
0.11871134,0.134642325,0
0.121632653,0.133422272,0
0.122857143,0.129352794,0
0.122525698,0.120236856,0
0.120564706,0.13080778,0
0.112482066,0.141512285,0
0.117916064,0.127269884,0
0.125885559,0.122591561,0
0.108205772,0.136883258,0
0.120816327,0.14304482,0
0.121616162,0.134449652,0
0.124797407,0.126260247,0
0.125814978,0.130179817,0
0.116499283,0.120268926,0
0.118367347,0.128110703,0
0.115140187,0.137262409,0
0.123712418,0.133749761,0
0.120250784,0.130345112,0
0.127956989,0.127005216,0
0.113480176,0.13647952,0
0.118495298,0.127057222,0
0.125033829,0.121069123,0
0.116597015,0.127932396,0
0.119019074,0.133469808,0
0.120407125,0.135178951,0
0.123057325,0.120979897,0
0.11826972,0.125406013,0
0.114836601,0.134377532,0
0.113863965,0.135166577,0
0.12579161,0.126158677,0
0.114366197,0.135050061,0
0.119019074,0.138274127,0
0.119227986,0.132836809,0
0.116866097,0.135528032,0
0.12237037,0.134594209,0
0.1204426,0.121551653,0
0.119713056,0.123262125,0
0.112,0.132000652,0
0.121200632,0.132247245,0
0.123641882,0.14019523,0
0.126521739,0.125847386,0
0.124193548,0.128287344,0
0.123059361,0.125373986,0
0.120421053,0.134514388,0
0.123817204,0.121185579,0
0.122029851,0.128463971,0
0.119713775,0.136017756,0
0.114576271,0.127213493,0
0.11434965,0.12722427,0
0.112063492,0.131092308,0
0.111337278,0.133067379,0
0.109579067,0.128063114,0
0.105088161,0.141805795,0
0.117829457,0.131363441,0
0.085281046,0.130231475,0
0.101459667,0.141236207,0
0.10638207,0.118432277,0
0.07,0.129676973,0
0.110368932,0.137259432,0
0.102613636,0.122478854,0
0.115658291,0.12781035,0
0.08645768,0.139464857,0
0.121244926,0.126705319,0
0.079130435,0.123960464,0
0.108181818,0.131797065,0
0.099097387,0.128803421,0
0.112692308,0.125719064,0
0.098421808,0.128453661,0
0.093333333,0.133980383,0
0.094045802,0.135103892,0
0.11891358,0.115077762,0
0.097355126,0.124293936,0
0.113076923,0.118863069,0
0.091966527,0.1309104,0
0.116882431,0.136571743,0
0.09682243,0.139198013,0
0.117215967,0.125775093,0
0.114903704,0.121879962,0
0.097391304,0.139260427,0
0.125816448,0.128333035,0
0.122669537,0.1287167,0
0.116148148,0.138120773,0
0.114934498,0.127775648,0
0.08950495,0.131454825,0
0.084920828,0.127352513,0
0.119816934,0.133699449,0
0.099132474,0.133257016,0
0.109695886,0.136561709,0
0.108447412,0.12681067,0
0.118168813,0.12070241,0
0.168567294,0.145539829,0
0.111935484,0.132566445,0
0.123057325,0.129493846,0
0.123735071,0.128816937,0
0.096883436,0.114880852,0
0.112835821,0.133291954,0
0.126952141,0.125610891,0
0.133370474,0.130734532,0
0.123809524,0.140387682,0
0.13143617,0.124225755,0
0.09453505,0.137326778,0
0.111931119,0.112063501,0
0.114164589,0.129324918,0
0.103535762,0.129884596,0
0.115103093,0.130354227,0
0.117490196,0.130368431,0
0.117053942,0.12682662,0
0.098378378,0.123358006,0
0.101859706,0.131257157,0
0.095362319,0.124998434,0
0.085415987,0.110725492,0
0.101897356,0.110585853,0
0.103352941,0.129785456,0
0.102,0.119381564,0
0.095696203,0.119742697,0
0.089554656,0.114047865,0
0.106730463,0.147369343,0
0.103595113,0.117887016,0
0.099731183,0.128235277,0
0.107876712,0.1215159,0
0.106418919,0.115013107,0
0.114285714,0.130420027,0
0.10505295,0.122219466,0
0.103106457,0.123375215,0
0.103639191,0.119687996,0
0.097764165,0.12833229,0
0.091708861,0.120813523,0
0.09280303,0.118935243,0
0.096027165,0.130391483,0
0.063299389,0.105009412,0
0.101581395,0.123353969,0
0.097896296,0.119410304,0
0.086882353,0.124045865,0
0.109919225,0.134858946,0
0.095151515,0.101591795,0
0.101959335,0.125430246,0
0.083059701,0.13246171,0
0.105,0.124957276,0
0.106068223,0.144496815,0
0.09005618,0.127600374,0
0.100909091,0.124655386,0
0.103317829,0.11832712,0
0.108156863,0.120503751,0
0.106533865,0.122805822,0
0.11191358,0.115270947,0
0.104463373,0.113327341,0
0.111629956,0.128854056,0
0.098378378,0.12737794,0
0.096835237,0.111340246,0
0.110384615,0.131298777,0
0.111461538,0.125783522,0
0.09634895,0.116747854,0
0.112343032,0.123410043,0
0.100827251,0.114621062,0
0.099216354,0.136460846,0
0.096266174,0.113783056,0
0.106111111,0.132513218,0
0.090273224,0.118139519,0
0.087761194,0.129195918,0
0.100956175,0.125424822,0
0.092099174,0.12098708,0
0.104862745,0.11673067,0
0.101634615,0.127358701,0
0.096072235,0.119142966,0
0.103467601,0.118442301,0
0.101440678,0.128262244,0
0.101978947,0.104187383,0
0.126265823,0.141784576,0
0.114488889,0.137923852,0
0.100679012,0.133600507,0
0.105479452,0.143739405,0
0.107106796,0.137973175,0
0.084933333,0.139569467,0
0.108656716,0.141775334,0
0.094988914,0.126991342,0
0.117774141,0.127705512,0
0.113433735,0.116426431,0
0.112603232,0.122735171,0
0.111901408,0.136294635,0
0.09816092,0.14078503,0
0.104942717,0.137417035,0
0.107436333,0.134617399,0
0.102123288,0.131586425,0
0.114884547,0.131917078,0
0.106686747,0.127859664,0
0.112895204,0.130041296,0
0.110757856,0.12842294,0
0.103985507,0.124408666,0
0.106607407,0.133266282,0
0.106192593,0.133431129,0
0.118479339,0.137701876,0
0.102052067,0.140460284,0
0.102857143,0.129766242,0
0.099620035,0.124853284,0
0.111748879,0.137182271,0
0.116529412,0.135820568,0
0.089982047,0.132473127,0
0.096119403,0.130840345,0
0.105761844,0.129154166,0
0.117098765,0.121468576,0
0.095846154,0.120619685,0
0.108181818,0.123840795,0
0.097019749,0.147240541,0
0.095890411,0.126176085,0
0.113927126,0.136535986,0
0.088935428,0.136502524,0
0.106570916,0.131036562,0
0.093474962,0.131664828,0
0.113105925,0.120475541,0
0.090987433,0.138550531,0
0.077010463,0.139092964,0
0.091970803,0.1325074,0
0.089361702,0.128935969,0
0.111712329,0.151059382,0
0.095722121,0.130911042,0
0.108324698,0.123878109,0
0.114333333,0.128058702,0
0.122640902,0.137598862,0
0.078468606,0.118589752,0
0.107028986,0.123511046,0
0.113623188,0.129251031,0
0.11282963,0.139463331,0
0.101647059,0.125659378,0
0.116202144,0.131736517,0
0.118690671,0.124716814,0
0.109117647,0.127336359,0
0.114074074,0.129513965,0
0.097391304,0.126046797,0
0.106740331,0.137366298,0
0.090643016,0.124491027,0
0.089315068,0.11945597,0
0.095384615,0.131850807,0
0.087352445,0.11278089,0
0.082589928,0.131685645,0
0.078293839,0.126010822,0
0.076193656,0.121879873,0
0.08379562,0.115525277,0
0.091229508,0.133118671,0
0.0878798,0.113288776,0
0.088447653,0.122968508,0
0.083575042,0.13326831,0
0.08074199,0.134564512,0
0.086690391,0.114191687,0
0.095428571,0.103198401,0
0.077619048,0.110994512,0
0.084528302,0.114208459,0
0.074841121,0.116802254,0
0.088780488,0.125811395,0
0.096535948,0.123097018,0
0.1,0.130524788,0
0.093640857,0.114120351,0
0.077877814,0.109428321,0
0.095775701,0.114183796,0
0.091215559,0.121192596,0
0.086183844,0.116920993,0
0.091577424,0.125539477,0
0.106688852,0.127434742,0
0.09830721,0.119901796,0
0.082477341,0.103441482,0
0.078962723,0.115816217,0
0.090873147,0.124122292,0
0.095841584,0.125644951,0
0.087901235,0.112286787,0
0.090588235,0.116504637,0
0.099124088,0.112050685,0
0.09442404,0.128866195,0
0.095852761,0.12296844,0
0.098688525,0.134829168,0
0.063453237,0.127966709,0
0.081358491,0.124014928,0
0.113566434,0.109125577,0
0.105,0.108005753,0
0.080512821,0.097719601,0
0.092820513,0.12860115,0
0.105702811,0.107361578,0
0.097185741,0.10171155,0
0.105130112,0.130239784,0
0.08409396,0.118027148,0
0.101078838,0.104121351,0
0.119487179,0.119124381,0
0.088768971,0.101705738,0
0.11377129,0.125241513,0
0.090758621,0.113367426,0
0.08212693,0.106731319,0
0.101684211,0.108441213,0
0.09260274,0.119246745,0
0.104,0.115335834,0
0.112974316,0.111841991,0
0.120571643,0.109587728,0
0.147502977,0.108312457,0
0.080919826,0.110204339,0
0.061167824,0.117417298,0
0.093552015,0.115121204,0
0.078358691,0.121578105,0
0.06804629,0.108128663,0
0.08600726,0.120218778,0
0.096723338,0.112811787,0
0.08004972,0.143267232,0
0.088191268,0.110122557,0
0.089718764,0.111646004,0
0.105718475,0.105273511,0
0.102203532,0.090544436,0
0.105456805,0.095153351,0
0.098776444,0.099663884,0
0.106601307,0.094275447,0
0.106130228,0.090384381,0
0.113911439,0.107771501,0
0.120583942,0.118049517,0
0.118029197,0.118986489,0
0.142450408,0.127509831,0
0.125301455,0.121963028,0
0.121919347,0.114909221,0
0.137461646,0.118052227,0
0.17271028,0.124160367,0
0.12556701,0.113727943,0
0.123598326,0.113915921,0
0.113946188,0.101673695,0
0.112582322,0.102129697,0
0.146521106,0.10202384,0
0.116639053,0.12112964,0
0.150755778,0.127332524,0
0.15140625,0.111190686,0
0.112643678,0.112336208,0
0.112859135,0.115006447,0
0.165625,0.119255863,0
0.120054018,0.102113986,0
0.115792829,0.105503507,0
0.122130178,0.094947705,0
0.145366667,0.105169128,0
0.158495749,0.09448064,0
0.107058824,0.120039907,0
0.134115942,0.123834609,0
0.140466978,0.114209242,0
0.123451251,0.121278836,0
0.122239343,0.131708252,0
0.120638298,0.111915745,0
0.140941704,0.092487352,0
0.119865169,0.12307262,0
0.163178808,0.116836774,0
0.126510758,0.13445118,0
0.159033479,0.092156355,0
0.111204447,0.10972553,0
0.125330296,0.116061024,0
0.162341717,0.10251327,0
0.147373965,0.109023798,0
0.132083333,0.097154648,0
0.12118701,0.099901817,0
0.125872788,0.112286402,0
0.113240361,0.101600336,0
0.112550707,0.111678906,0
0.109021668,0.112151479,0
0.109459291,0.108965604,0
0.10740694,0.110847919,0
0.105543608,0.109260884,0
0.103074004,0.109972532,0
0.104691047,0.104967995,0
0.101190619,0.109296156,0
0.106539834,0.10254863,0
0.108009828,0.104884346,0
0.109117647,0.117606845,0
0.107692308,0.10757219,0
0.10893617,0.112267232,0
0.112402089,0.119263774,0
0.106707844,0.120050199,0
0.11011236,0.114636013,0
0.112811594,0.116792986,0
0.107296588,0.110097059,0
0.106382445,0.11887681,0
0.109898749,0.115595107,0
0.109407407,0.102243776,0
0.109070769,0.113818033,0
0.112420263,0.119749171,0
0.108812729,0.123802498,0
0.113142857,0.110186365,0
0.113168188,0.115372914,0
0.126284349,0.117002847,0
0.125566097,0.118619243,0
0.112524897,0.115769044,0
0.110917031,0.114059555,0
0.113131313,0.110657158,0
0.112424242,0.111983139,0
0.11030303,0.115959371,0
0.109035917,0.113704712,0
0.110147059,0.125440902,0
0.107461263,0.114618346,0
0.107718654,0.099982763,0
0.106508432,0.108385208,0
0.104371517,0.108730393,0
0.10589856,0.109521537,0
0.10935759,0.102885769,0
0.109683698,0.109563613,0
0.110757856,0.114063603,0
0.109457755,0.109133647,0
0.109296782,0.114818708,0
0.105088608,0.101935445,0
0.103166767,0.115567476,0
0.104186047,0.121601625,0
0.111031501,0.104192098,0
0.117858462,0.115603148,0
0.111592974,0.110351871,0
0.108917749,0.115299259,0
0.162202136,0.185041735,1
0.050578842,0.159590352,1
0.051264546,0.156465082,1
0.075343511,0.182629417,1
0.059415502,0.162043128,1
0.058248175,0.168343439,1
0.113291405,0.162258973,1
0.063046358,0.163077189,1
0.052823674,0.16289683,1
0.047248018,0.143819265,1
0.044128622,0.170612505,1
0.042572449,0.157393251,1
0.059582577,0.162553058,1
0.055771325,0.156677726,1
0.06330013,0.154579729,1
0.04962578,0.186609647,1
0.169724972,0.198198993,1
0.12260355,0.160708291,1
0.16352801,0.17517334,1
0.169704797,0.19587158,1
0.165128205,0.189172136,1
0.163135593,0.178265441,1
0.181481481,0.193687424,1
0.10992272,0.193368982,1
0.167092469,0.187219205,1
0.149402985,0.190428738,1
0.139089727,0.160505878,1
0.150479394,0.187319452,1
0.129984102,0.189001634,1
0.16102145,0.189549904,1
0.186555423,0.19589415,1
0.050837989,0.167177307,1
0.048194973,0.163877005,1
0.046702209,0.131372441,1
0.140863132,0.143875388,1
0.044828463,0.150005005,1
0.043096539,0.159363482,1
0.067784431,0.147164761,1
0.0536,0.160404944,1
0.05443539,0.184561015,1
0.042658487,0.178160134,1
0.036819127,0.174259494,1
0.040762565,0.150179826,1
0.051548117,0.192563813,1
0.092730627,0.156697352,1
0.088533333,0.177713114,1
0.067364017,0.148170411,1
0.041858249,0.132917263,1
0.035784753,0.163253558,1
0.046666667,0.147149321,1
0.050962343,0.196979069,1
0.061124881,0.187841824,1
0.041876833,0.174591682,1
0.064890511,0.131905259,1
0.052156863,0.182574179,1
0.070643514,0.140512254,1
0.058570354,0.184876255,1
0.051766201,0.188306983,1
0.059380461,0.174938271,1
0.10036225,0.13808351,1
0.044289544,0.181774594,1
0.050644491,0.171339759,1
0.065695793,0.157451814,1
0.073087008,0.176213672,1
0.160142985,0.187886795,1
0.140961098,0.165833016,1
0.152411821,0.182846827,1
0.120748075,0.194808196,1
0.171771218,0.214127381,1
0.145337243,0.17986718,1
0.161814596,0.178420362,1
0.15270217,0.163839647,1
0.167222222,0.185547667,1
0.173915806,0.182710269,1
0.154853273,0.199268778,1
0.171057192,0.190846141,1
0.133556485,0.192754157,1
0.170298507,0.184000384,1
0.127113494,0.178399927,1
0.173638444,0.19458571,1
0.125746165,0.191227259,1
0.171343284,0.187464167,1
0.144142012,0.182415461,1
0.175694996,0.191963903,1
0.171881188,0.19173022,1
0.170098619,0.176033157,1
0.167866508,0.192923655,1
0.15613941,0.175651875,1
0.155120712,0.179920415,1
0.162287893,0.201460313,1
0.171254613,0.193782749,1
0.163235704,0.193368298,1
0.195526658,0.194529415,1
0.154851013,0.178227722,1
0.093882353,0.166523165,1
0.059028698,0.153983742,1
0.078596491,0.117017895,1
0.138238994,0.137531375,1
0.137067039,0.140644437,1
0.164618644,0.190064579,1
0.148263473,0.142987432,1
0.108423154,0.149100205,1
0.122900763,0.148348438,1
0.117709497,0.147148611,1
0.173781095,0.189649428,1
0.181459227,0.168460368,1
0.162526818,0.203222504,1
0.174299333,0.185729331,1
0.17963775,0.201392431,1
0.170829361,0.191199474,1
0.131694915,0.168043947,1
0.037317687,0.178112035,1
0.12398641,0.158125796,1
0.077796407,0.16200927,1
0.049687738,0.160367635,1
0.168,0.135786869,1
0.056880734,0.164945299,1
0.057632058,0.15569339,1
0.056766467,0.165601063,1
0.064550898,0.158243134,1
0.146822612,0.142991074,1
0.031602709,0.167970881,1
0.025870342,0.196346584,1
0.025977934,0.216580658,1
0.027599699,0.213947046,1
0.036030278,0.196494093,1
0.022622747,0.204660961,1
0.035939323,0.21568935,1
0.032623302,0.225755471,1
0.025350579,0.209522984,1
0.025059043,0.22915253,1
0.014922481,0.196548003,1
0.073439446,0.134172686,1
0.052033788,0.11844396,1
0.093271277,0.135428604,1
0.062261753,0.13867783,1
0.037478882,0.091911852,1
0.048423989,0.092660443,1
0.042255759,0.142132489,1
0.030221587,0.097644913,1
0.046426529,0.092690866,1
0.069320388,0.125416149,1
0.15372549,0.171960584,1
0.165513017,0.181476841,1
0.127503487,0.163012185,1
0.079298893,0.190071872,1
0.132908497,0.198810361,1
0.109032801,0.193539343,1
0.023125794,0.172201019,1
0.04003268,0.135319716,1
0.042380506,0.143390554,1
0.036018377,0.141820397,1
0.15712766,0.148853982,1
0.029473684,0.163046719,1
0.048413887,0.161967154,1
0.034095941,0.145136114,1
0.033356025,0.15632504,1
0.035363825,0.170847074,1
0.039414076,0.169721537,1
0.033142857,0.163617584,1
0.036430108,0.170741238,1
0.02917456,0.178872492,1
0.029075391,0.164002462,1
0.022461538,0.169975104,1
0.021048467,0.159754766,1
0.034166667,0.159019546,1
0.026962963,0.157736292,1
0.027771739,0.171749298,1
0.023684211,0.172606958,1
0.0296621,0.167402989,1
0.030131234,0.178054089,1
0.033649394,0.174887226,1
0.021047297,0.172215652,1
0.030582524,0.165878564,1
0.105501956,0.16195082,1
0.030833333,0.169357307,1
0.032941176,0.164492858,1
0.040583658,0.16200061,1
0.033448276,0.159146325,1
0.028817204,0.164476848,1
0.035345168,0.163770334,1
0.02460251,0.152717271,1
0.039482536,0.171082692,1
0.026486486,0.145490579,1
0.128281016,0.159178848,1
0.027932692,0.15566423,1
0.016585366,0.150384709,1
0.040298507,0.171535326,1
0.035686275,0.159960851,1
0.031517129,0.175220155,1
0.026770732,0.174571369,1
0.022580645,0.162366078,1
0.024571429,0.17814259,1
0.030426908,0.17623034,1
0.030783133,0.172804389,1
0.037263355,0.176296978,1
0.022382445,0.16626362,1
0.03862069,0.168025757,1
0.01925435,0.174702982,1
0.024175824,0.16901759,1
0.048275862,0.172246567,1
0.025454545,0.168509455,1
0.029486301,0.170297973,1
0.027466667,0.164483902,1
0.034332425,0.163658483,1
0.033703704,0.170231137,1
0.028372781,0.174670446,1
0.026654578,0.175050232,1
0.032016048,0.164707438,1
0.033326249,0.15242251,1
0.037090119,0.166864734,1
0.030298507,0.174929147,1
0.025006766,0.166717738,1
0.029258427,0.173700281,1
0.023032258,0.167675275,1
0.027906355,0.168611512,1
0.020955096,0.168936167,1
0.024888889,0.156154983,1
0.038181818,0.149157471,1
0.02838488,0.158577544,1
0.024338118,0.153981474,1
0.022920354,0.164342202,1
0.025568487,0.163960458,1
0.048729282,0.172368074,1
0.029655172,0.154691951,1
0.021690141,0.168737049,1
0.030346821,0.179153999,1
0.046375779,0.169440901,1
0.040952381,0.172423512,1
0.034261603,0.179046111,1
0.01756654,0.168579087,1
0.035464415,0.179598108,1
0.02438061,0.174194033,1
0.03627673,0.166094437,1
0.02778626,0.169659735,1
0.021174578,0.167376576,1
0.043076923,0.156718206,1
0.039206174,0.17098515,1
0.022355289,0.172206304,1
0.034529148,0.167055389,1
0.023363755,0.162626553,1
0.031345912,0.156943838,1
0.034692683,0.176314965,1
0.020224719,0.163616573,1
0.02521466,0.164132116,1
0.034044665,0.160316843,1
0.041920904,0.166609962,1
0.024912281,0.170651978,1
0.030232558,0.163304714,1
0.024915254,0.17400933,1
0.031518325,0.167259374,1
0.033093043,0.167116933,1
0.03215311,0.169211771,1
0.039872476,0.157304449,1
0.033785124,0.169568327,1
0.027248322,0.158210892,1
0.040247295,0.177041787,1
0.019225968,0.164371027,1
0.035799087,0.174824251,1
0.0544,0.161213343,1
0.055808383,0.171696223,1
0.062588235,0.146153887,1
0.037684515,0.143441271,1
0.0696,0.158002396,1
0.069044834,0.154557472,1
0.085512104,0.148658694,1
0.062119967,0.138612142,1
0.052356021,0.168337642,1
0.061066667,0.164234802,1
0.044457594,0.152476674,1
0.041829878,0.164623842,1
0.051046386,0.189044867,1
0.050736434,0.172410438,1
0.045904317,0.169674085,1
0.04866781,0.177270957,1
0.036145689,0.173162449,1
0.0631116,0.167895141,1
0.042828485,0.149217361,1
0.067064803,0.179877831,1
0.170738007,0.207905119,1
0.128466819,0.206478853,1
0.166492851,0.212683436,1
0.174542484,0.174178913,1
0.16423493,0.184906212,1
0.133357664,0.189944746,1
0.149607843,0.190461369,1
0.175129151,0.197429032,1
0.110970378,0.181828913,1
0.16714924,0.183926045,1
0.049770044,0.151900829,1
0.058388004,0.15833656,1
0.068716289,0.139329658,1
0.056220079,0.157803061,1
0.061676829,0.146007328,1
0.061869328,0.148864482,1
0.051311894,0.158042369,1
0.061930647,0.153608913,1
0.048985705,0.165351754,1
0.043472932,0.150267973,1
0.070571762,0.162182751,1
0.072774529,0.149573845,1
0.074453181,0.145000381,1
0.102782071,0.144806006,1
0.047838215,0.150028903,1
0.056968085,0.166000104,1
0.106108274,0.168726269,1
0.051720726,0.157403456,1
0.044356436,0.145933974,1
0.140880503,0.141424458,1
0.053131548,0.139459312,1
0.069724771,0.157150831,1
0.073290978,0.171505228,1
0.063181258,0.184094962,1
0.058692972,0.166532228,1
0.065481978,0.18160691,1
0.061840491,0.180686642,1
0.066818182,0.18201113,1
0.044665162,0.171230039,1
0.058583496,0.144651916,1
0.058701608,0.174866001,1
0.039382504,0.135377777,1
0.082588412,0.15639932,1
0.056184717,0.181574254,1
0.092552301,0.153756524,1
0.093879142,0.17917545,1
0.076403326,0.157969549,1
0.042637106,0.144966072,1
0.11372434,0.124926783,1
0.109344491,0.153542833,1
0.104793944,0.138373463,1
0.16182437,0.161328459,1
0.124901961,0.160136684,1
0.136088369,0.159180996,1
0.128655863,0.143862036,1
0.14143695,0.150547581,1
0.119458239,0.148914143,1
0.115921868,0.155144581,1
0.23974583,0.201655518,1
0.231952663,0.172887738,1
0.240995025,0.152977222,1
0.245965271,0.1876571,1
0.245300286,0.182116068,1
0.240672834,0.188857688,1
0.23630719,0.175441868,1
0.248191654,0.182942818,1
0.252225201,0.195480005,1
0.248770257,0.184695611,1
0.073708999,0.149335328,1
0.104749801,0.145061616,1
0.059602859,0.137827233,1
0.078411858,0.15644373,1
0.094760638,0.147813679,1
0.098518519,0.187904656,1
0.092087703,0.170037822,1
0.162636816,0.188951237,1
0.040546924,0.161053135,1
0.091659193,0.147770869,1
0.036618005,0.190331832,1
0.044677755,0.186654177,1
0.045751634,0.159955758,1
0.029874477,0.183361952,1
0.031022159,0.182780758,1
0.043482781,0.178059564,1
0.070850608,0.169676821,1
0.029509804,0.188897239,1
0.045857886,0.182308489,1
0.036237773,0.186065977,1
0.039369895,0.184609457,1
0.0386618,0.193159072,1
0.040439883,0.17951809,1
0.031436541,0.163314716,1
0.038687136,0.190958543,1
0.033968804,0.159932579,1
0.047318933,0.174615105,1
0.042858845,0.188760388,1
0.03651325,0.181905085,1
0.172461696,0.181397497,1
0.154729316,0.171065691,1
0.139447732,0.176764804,1
0.169270217,0.166991322,1
0.065128694,0.130828306,1
0.054592721,0.132556562,1
0.069306931,0.116659125,1
0.05964497,0.156219617,1
0.050159798,0.191214694,1
0.055563258,0.15111578,1
0.055639743,0.173333741,1
0.050630782,0.1775747,1
0.05351392,0.161654097,1
0.033748723,0.167447154,1
0.137437071,0.162192511,1
0.174028595,0.199231746,1
0.178147139,0.2013362,1
0.162807626,0.192894064,1
0.046289621,0.166290994,1
0.038019398,0.190941942,1
0.026967645,0.169109837,1
0.030997921,0.191983662,1
0.045362135,0.164764486,1
0.047537923,0.167731512,1
0.050736434,0.164629067,1
0.042919708,0.178800693,1
0.029061529,0.194793935,1
0.049073959,0.164785835,1
0.051082369,0.1729339,1
0.066891271,0.189631323,1
0.076375969,0.159394422,1
0.066042885,0.177490143,1
0.058912267,0.161589935,1
0.050863609,0.160545065,1
0.059725124,0.187179662,1
0.061173021,0.168962805,1
0.060921122,0.198040195,1
0.13855101,0.196777465,1
0.063265531,0.186322636,1
0.099325211,0.186002698,1
0.082010399,0.181133595,1
0.053598094,0.185591831,1
0.175044473,0.190220021,1
0.189385113,0.185113692,1
0.059601838,0.196081167,1
0.179683698,0.200744538,1
0.122587065,0.170783522,1
0.185084746,0.173711336,1
0.162648608,0.167796765,1
0.169270217,0.180400499,1
0.099341917,0.168650305,1
0.162227239,0.187247605,1
0.167199046,0.198798422,1
0.165597549,0.184592711,1
0.159194282,0.17816744,1
0.178254649,0.158696827,1
0.059775281,0.173258373,1
0.061730625,0.1805113,1
0.036420664,0.172464293,1
0.124740917,0.186196325,1
0.087231869,0.165826531,1
0.038169685,0.175463197,1
0.065539662,0.144045975,1
0.056080114,0.15923536,1
0.047421791,0.175263584,1
0.05393529,0.172242644,1
0.201724806,0.119931285,1
0.199270073,0.169794916,1
0.190381166,0.165838435,1
0.214391144,0.155281615,1
0.188747856,0.172258004,1
0.037397733,0.164007182,1
0.033519952,0.141098816,1
0.033974895,0.142342716,1
0.041980474,0.1640095,1
0.027685098,0.164404562,1
0.039172749,0.154663389,1
0.049902676,0.143611649,1
0.038246506,0.168950911,1
0.040690887,0.146992115,1
0.041783877,0.155000266,1
0.047495069,0.191985156,1
0.068953866,0.178041643,1
0.063556318,0.171288837,1
0.063277483,0.150839876,1
0.06010395,0.159425823,1
0.051491186,0.176679856,1
0.048203853,0.155385586,1
0.028739003,0.158654867,1
0.038550725,0.15302278,1
0.036751137,0.134547326,1
0.039002079,0.160601918,1
0.026204506,0.160646444,1
0.03121274,0.153330659,1
0.024695864,0.166758941,1
0.029473684,0.167175085,1
0.028904182,0.165757184,1
0.027131783,0.170096998,1
0.071851322,0.190780681,1
0.048228731,0.173365958,1
0.078309509,0.164726381,1
0.061255438,0.169754729,1
0.047244995,0.148487623,1
0.050850077,0.154413737,1
0.058051832,0.174305135,1
0.097562028,0.165898756,1
0.047733888,0.170173865,1
0.039246862,0.17060151,1
0.160199005,0.18684716,1
0.076072013,0.136986289,1
0.096544343,0.134252368,1
0.116384656,0.142513887,1
0.124386938,0.132471129,1
0.13663586,0.151754269,1
0.117783375,0.150126125,1
0.146775875,0.175506158,1
0.094571773,0.162247012,1
0.157046347,0.164298323,1
0.028823529,0.16824048,1
0.028582231,0.163672026,1
0.035117581,0.177029467,1
0.024192635,0.179666731,1
0.027532468,0.181870225,1
0.028172485,0.169876029,1
0.026918455,0.165648614,1
0.033763441,0.168990494,1
0.03313089,0.17367016,1
0.027460595,0.195698805,1
0.036492891,0.174907322,1
0.025358491,0.180615596,1
0.035,0.182723484,1
0.030107527,0.17438559,1
0.03311828,0.182758927,1
0.040441014,0.174413363,1
0.032336957,0.176079529,1
0.030757576,0.183856257,1
0.039210526,0.174238535,1
0.026086957,0.175441635,1
0.02137696,0.175481109,1
0.023641913,0.171341821,1
0.043345818,0.170971668,1
0.028325581,0.161185466,1
0.021904762,0.164927154,1
0.028777194,0.161564345,1
0.034482759,0.165730025,1
0.020772798,0.177577808,1
0.027654321,0.1822169,1
0.024551148,0.184621486,1
0.031525926,0.171353486,1
0.033424658,0.176057361,1
0.031322957,0.169934066,1
0.038450704,0.181209724,1
0.03,0.182078915,1
0.028951841,0.164171599,1
0.031245675,0.181687414,1
0.028163265,0.176681608,1
0.033202417,0.172327902,1
0.026472727,0.172721043,1
0.029186935,0.180918809,1
0.04467052,0.169862087,1
0.027818575,0.1691086,1
0.039473277,0.175791075,1
0.02884984,0.159956519,1
0.042580645,0.161403939,1
0.027368421,0.160462185,1
0.026666667,0.167326447,1
0.026352941,0.172150917,1
0.034369099,0.173093032,1
0.030650888,0.167782977,1
0.028189739,0.169441595,1
0.027518428,0.17189023,1
0.033325554,0.180799021,1
0.024488936,0.179635296,1
0.029927126,0.171801472,1
0.026594982,0.177538734,1
0.025166163,0.177221131,1
0.02295754,0.17328982,1
0.028254545,0.168761135,1
0.026540284,0.186825186,1
0.023789474,0.166571314,1
0.034244604,0.158411774,1
0.03521875,0.156771186,1
0.032842466,0.177471935,1
0.025454545,0.170029516,1
0.040898876,0.168758811,1
0.024737516,0.170552599,1
0.027193416,0.180671416,1
0.038360302,0.170937791,1
0.030776583,0.172789871,1
0.025719237,0.185433702,1
0.03,0.170285666,1
0.025204236,0.168344304,1
0.026635731,0.161196081,1
0.026545455,0.176607249,1
0.02244898,0.165488664,1
0.019352941,0.151647399,1
0.028565356,0.173298507,1
0.018633975,0.177953383,1
0.031012094,0.165715976,1
0.028333333,0.166840027,1
0.028463357,0.173818981,1
0.03015025,0.177238312,1
0.021993958,0.171047125,1
0.024513619,0.175215415,1
0.035873016,0.189023449,1
0.042527339,0.186402166,1
0.034849785,0.190417331,1
0.028309637,0.163497441,1
0.034510801,0.191880756,1
0.028322663,0.188744752,1
0.030068545,0.185904953,1
0.032711242,0.173011795,1
0.023947368,0.169672561,1
0.026530612,0.180490342,1
0.024888889,0.180885692,1
0.032261735,0.174858812,1
0.025483871,0.161904095,1
0.038914224,0.167883338,1
0.050944993,0.152994525,1
0.049875,0.164968093,1
0.076719023,0.149034349,1
0.085303244,0.143629842,1
0.052684211,0.1429838,1
0.066041379,0.150058408,1
0.115119363,0.161901866,1
0.077737789,0.141001331,1
0.042037534,0.155340155,1
0.061185185,0.148003766,1
0.048867925,0.145676318,1
0.054026846,0.140055365,1
0.057163814,0.143626558,1
0.062272,0.153339164,1
0.065045372,0.141644503,1
0.132233883,0.145320653,1
0.046128501,0.139455245,1
0.059238965,0.137393701,1
0.052392638,0.145604034,1
0.069004739,0.164026448,1
0.048901408,0.135782395,1
0.080351391,0.150416229,1
0.085154639,0.1554513,1
0.047683924,0.14084951,1
0.036555556,0.151647129,1
0.044333333,0.159288911,1
0.046369427,0.141465936,1
0.054550409,0.152778655,1
0.051014493,0.156369098,1
0.059186992,0.144735458,1
0.038458961,0.134339122,1
0.118461538,0.154314708,1
0.036289222,0.148509188,1
0.087221239,0.16150945,1
0.079506173,0.1595435,1
0.038247423,0.150130659,1
0.05915493,0.157768252,1
0.042608696,0.143099461,1
0.0555,0.151699878,1
0.043643725,0.146794809,1
0.049592476,0.133694379,1
0.149565217,0.143075069,1
0.039442724,0.149591988,1
0.029151671,0.130952618,1
0.04660502,0.147888196,1
0.050561457,0.152384897,1
0.083465492,0.152430589,1
0.080227704,0.163741212,1
0.073794393,0.169108064,1
0.069085631,0.141280629,1
0.123921569,0.152537795,1
0.042241379,0.154735642,1
0.043433735,0.144878546,1
0.043140741,0.154840542,1
0.032523364,0.157693181,1
0.042141823,0.142143138,1
0.1064,0.159553025,1
0.052723949,0.162322317,1
0.062840909,0.149722172,1
0.016586742,0.142839233,1
0.180257511,0.201400303,1
0.157854589,0.198033753,1
0.163763838,0.196802377,1
0.155057208,0.200909874,1
0.135061964,0.185232925,1
0.170937997,0.205049684,1
0.04948668,0.148035869,1
0.056607495,0.130560651,1
0.062640875,0.155632079,1
0.038054363,0.147401893,1
0.049422001,0.144487934,1
0.060442804,0.129881131,1
0.053846154,0.156312709,1
0.055839886,0.143295372,1
0.058583496,0.161074809,1
0.052156863,0.165952214,1
0.135862726,0.191768226,1
0.151859186,0.166807217,1
0.15709571,0.200131283,1
0.164635193,0.17455547,1
0.175542312,0.198996664,1
0.168582575,0.164229066,1
0.154497682,0.186251707,1
0.155574891,0.19357568,1
0.118737673,0.160143744,1
0.033806818,0.165217783,1
0.034285714,0.197124746,1
0.042043344,0.192253889,1
0.029926794,0.200699446,1
0.031537291,0.174219187,1
0.02969697,0.171062339,1
0.053461538,0.181804161,1
0.044752475,0.181120641,1
0.032450331,0.178897809,1
0.030517711,0.175978154,1
0.030714286,0.176908583,1
0.043338392,0.187587453,1
0.030426908,0.172325461,1
0.050424597,0.188669158,1
0.038776167,0.196619191,1
0.054939759,0.173613844,1
0.040808081,0.198825275,1
0.043538874,0.184217157,1
0.039375,0.187419493,1
0.058064516,0.165079236,1
0.038901454,0.18529858,1
0.029430657,0.182605789,1
0.047537313,0.183226741,1
0.034533333,0.173435467,1
0.034714519,0.181026297,1
0.050728242,0.19356171,1
0.050076923,0.16896376,1
0.048738899,0.179508175,1
0.033228621,0.191292171,1
0.036947536,0.189001677,1
0.036626506,0.190573195,1
0.038992593,0.187478957,1
0.039090909,0.17432598,1
0.058317757,0.173047768,1
0.052235294,0.183935826,1
0.05045045,0.161557275,1
0.042225476,0.184824677,1
0.044333333,0.183481094,1
0.050564334,0.153023882,1
0.043963415,0.181607642,1
0.045417323,0.179655249,1
0.029866667,0.175636627,1
0.040195759,0.194431165,1
0.036193182,0.154483193,1
0.039944598,0.182145954,1
0.058924731,0.179013978,1
0.051825193,0.17971545,1
0.059898132,0.185198887,1
0.052307692,0.174002055,1
0.037511962,0.188925174,1
0.051538462,0.174687383,1
0.049512195,0.189972446,1
0.059090909,0.184853233,1
0.061860465,0.196132077,1
0.051355662,0.175742693,1
0.07011925,0.161697073,1
0.052093023,0.181084565,1
0.051947368,0.189264485,1
0.048861912,0.171770251,1
0.055411559,0.174557501,1
0.026046512,0.162343349,1
0.030631741,0.184080392,1
0.03522293,0.159267031,1
0.032421053,0.175148267,1
0.035407654,0.162929041,1
0.043265306,0.168160458,1
0.059505766,0.17756384,1
0.030318471,0.176911801,1
0.030721003,0.180283842,1
0.034461538,0.17970137,1
0.032079208,0.18359419,1
0.030591806,0.191864373,1
0.029552773,0.17793552,1
0.029589041,0.17575911,1
0.036182085,0.182947689,1
0.033357401,0.196945184,1
0.043076923,0.192178605,1
0.043880597,0.175208557,1
0.035397083,0.190730514,1
0.03708384,0.191741264,1
0.035228758,0.182796409,1
0.029127517,0.15888758,1
0.025620915,0.172606121,1
0.036206897,0.188404553,1
0.034442836,0.166322047,1
0.056486957,0.155547797,1
0.04620915,0.173990667,1
0.028225806,0.187532761,1
0.031201158,0.175597959,1
0.026308725,0.189391904,1
0.034285714,0.185297393,1
0.023402985,0.182589099,1
0.034111675,0.1749336,1
0.053816156,0.172266177,1
0.062056075,0.177046977,1
0.023601533,0.18150977,1
0.026122449,0.185008476,1
0.056457766,0.195481058,1
0.038237885,0.165648762,1
0.029948454,0.166135785,1
0.034268657,0.197109286,1
0.045731895,0.174887388,1
0.041976936,0.17621639,1
0.03442963,0.165738394,1
0.027084469,0.181026185,1
0.028225806,0.174311965,1
0.028411215,0.17277495,1
0.032052632,0.182946383,1
0.033846154,0.190715841,1
0.039690722,0.170944408,1
0.027549195,0.166807673,1
0.0363047,0.186962905,1
0.041579779,0.183482213,1
0.036179775,0.182488873,1
0.038577778,0.176810167,1
0.032409867,0.179134044,1
0.029983526,0.193440847,1
0.038162963,0.185881839,1
0.042678063,0.187856096,1
0.046044444,0.185289426,1
0.040252765,0.16747746,1
0.044316547,0.178067738,1
0.041118881,0.170170989,1
0.033014925,0.151701006,1
0.028125937,0.15468997,1
0.033472486,0.160390615,1
0.049,0.185267028,1
0.0315197,0.148697299,1
0.030282132,0.180194296,1
0.036006768,0.169202403,1
0.056687117,0.139942478,1
0.029321534,0.171741853,1
0.043448276,0.183255446,1
0.02562396,0.156599981,1
0.050983847,0.169719922,1
0.037472119,0.160098839,1
0.030224888,0.17152469,1
0.038397535,0.166112521,1
0.023333333,0.184153003,1
0.047323944,0.178966943,1
0.056687117,0.139942478,1
0.032110092,0.169926849,1
0.035397083,0.183539948,1
0.034339623,0.175334185,1
0.044725458,0.149306313,1
0.040421053,0.17003028,1
0.037400722,0.161701797,1
0.020429185,0.163056459,1
0.033128039,0.18078707,1
0.042686025,0.148478277,1
0.03088968,0.162455369,1
0.06298984,0.178029908,1
0.056715328,0.176306958,1
0.022758621,0.17040601,1
0.036095764,0.176931482,1
0.042666667,0.174055441,1
0.045466238,0.170130971,1
0.028774704,0.171006606,1
0.031447903,0.165314074,1
0.034697406,0.18039526,1
0.055700935,0.15383109,1
0.046959248,0.171640953,1
0.029253731,0.151013005,1
0.031428571,0.18059586,1
0.032026144,0.173077074,1
0.048784029,0.170894919,1
0.029266771,0.15929915,1
0.06784141,0.188755267,1
0.053120567,0.166661999,1
0.039283582,0.184693913,1
0.045626072,0.179330178,1
0.030678261,0.175135889,1
0.034422789,0.176628087,1
0.036869565,0.159764959,1
0.055106383,0.180080925,1
0.048421053,0.141374381,1
0.038053691,0.165121382,1
0.031006711,0.167120586,1
0.034094368,0.174047087,1
0.046666667,0.167429399,1
0.039953216,0.185740165,1
0.026972477,0.16750425,1
0.04005298,0.154707136,1
0.032626087,0.175850985,1
0.043738796,0.166722172,1
0.042670025,0.177603286,1
0.032321205,0.166403413,1
0.046596702,0.160606589,1
0.024888889,0.181614977,1
0.027760684,0.173626786,1
0.043555556,0.181842912,1
0.050478873,0.199270011,1
0.03081761,0.16656124,1
0.031063174,0.162556661,1
0.061419355,0.171276212,1
0.061630435,0.17373559,1
0.101214815,0.167092874,1
0.021474926,0.165172452,1
0.081545319,0.166797307,1
0.119472817,0.165075079,1
0.118695652,0.18070962,1
0.126251729,0.169987067,1
0.060622463,0.181328564,1
0.03751634,0.183671033,1
0.075384615,0.174139609,1
0.036350877,0.192963644,1
0.038992593,0.181871355,1
0.035242047,0.156445339,1
0.113253731,0.179934083,1
0.038198675,0.17248969,1
0.034511628,0.175645349,1
0.075925395,0.17692141,1
0.032475248,0.183704222,1
0.043874644,0.185183358,1
0.049565217,0.18291638,1
0.029398207,0.18010291,1
0.038162963,0.173939509,1
0.028982456,0.174099524,1
0.030816568,0.17533216,1
0.023299857,0.162083853,1
0.058714769,0.167656646,1
0.042903226,0.171640962,1
0.034126285,0.169564386,1
0.019090909,0.17580807,1
0.024330484,0.171970462,1
0.037959184,0.168716007,1
0.042717521,0.174640107,1
0.02317757,0.182352584,1
0.043019868,0.172802338,1
0.039822222,0.163243781,1
0.037094017,0.16886319,1
0.025561798,0.184219784,1
0.037437326,0.175833394,1
0.035963303,0.191128074,1
0.026548148,0.162891884,1
0.042279202,0.166934149,1
0.051677852,0.181059483,1
0.049183956,0.17296093,1
0.037014925,0.195909484,1
0.029087379,0.170543196,1
0.036627907,0.149619787,1
0.020740741,0.149832832,1
0.029101124,0.161035306,1
0.0240625,0.165248925,1
0.052371638,0.159932287,1
0.052813488,0.158372747,1
0.059747475,0.171297205,1
0.042929062,0.168408146,1
0.031538462,0.172145487,1
0.029454545,0.148234596,1
0.033220339,0.184552913,1
0.027107843,0.169901056,1
0.027024129,0.177337589,1
0.047142857,0.160722321,1
0.051838791,0.183701182,1
0.039417476,0.171104717,1
0.048017817,0.178625912,1
0.017409326,0.181433968,1
0.030588235,0.172213084,1
0.049451888,0.168330956,1
0.026987952,0.188752092,1
0.043076923,0.178205664,1
0.047916667,0.180572451,1
0.039468085,0.184891748,1
0.033085339,0.169830623,1
0.038247423,0.175688592,1
0.061682243,0.169617499,1
0.050834553,0.178587928,1
0.043105263,0.168100866,1
0.033461538,0.179227905,1
0.039347553,0.167378621,1
0.045873786,0.15623823,1
0.03323741,0.159927771,1
0.054361702,0.164938585,1
0.028183007,0.181627639,1
0.024943538,0.187249392,1
0.03748954,0.179614067,1
0.040254453,0.174648153,1
0.036051502,0.173636161,1
0.036653171,0.172574462,1
0.030607287,0.18005649,1
0.02745098,0.178848699,1
0.039482536,0.175393751,1
0.040317041,0.163141572,1
0.0425,0.17623394,1
0.031147929,0.169246514,1
0.021712963,0.184285468,1
0.026979167,0.161264614,1
0.041176471,0.175133612,1
0.060949264,0.155270434,1
0.044210526,0.164596876,1
0.040545145,0.180434894,1
0.036727273,0.157111927,1
0.033640777,0.15939144,1
0.020934579,0.173714115,1
0.053141946,0.179248786,1
0.029918699,0.164703099,1
0.080519481,0.180806922,1
0.02969697,0.168599126,1
0.044094488,0.157147697,1
0.031575456,0.173974042,1
0.045494137,0.207059272,1
0.054017699,0.180118942,1
0.03417122,0.17926047,1
0.041,0.192985188,1
0.026101695,0.203195618,1
0.031279279,0.180209494,1
0.046247756,0.191297013,1
0.055551102,0.179859848,1
0.05359375,0.178341066,1
0.029189189,0.177523173,1
0.0225,0.196527926,1
0.034228457,0.185543385,1
0.027564767,0.182577432,1
0.035492958,0.165032452,1
0.032910448,0.194389605,1
0.022647059,0.202621117,1
0.035166932,0.178993664,1
0.023380855,0.186177651,1
0.027115789,0.213065458,1
0.02623327,0.209922468,1
0.024705882,0.175877233,1
0.026526316,0.18196552,1
0.033870968,0.185412656,1
0.04642487,0.191185205,1
0.034492754,0.19916568,1
0.04685259,0.185325807,1
0.035,0.174080114,1
0.044210526,0.171238057,1
0.036917808,0.191200549,1
0.039176955,0.188826566,1
0.04007533,0.187539196,1
0.038888889,0.190948017,1
0.030296684,0.197425768,1
0.033952756,0.185507125,1
0.0503125,0.193872914,1
0.023234043,0.168257503,1
0.042898551,0.188943844,1
0.041588946,0.183131481,1
0.049492635,0.176764645,1
0.035362319,0.182594755,1
0.028806584,0.213721258,1
0.037575758,0.198251697,1
0.026696231,0.205658995,1
0.033253012,0.18665068,1
0.028294737,0.188998365,1
0.0335,0.194278592,1
0.027081174,0.181064035,1
0.023201507,0.190519145,1
0.040273973,0.181032958,1
0.041363636,0.181757671,1
0.040558464,0.200331052,1
0.028735084,0.185272363,1
0.033851468,0.191886683,1
0.038972163,0.200702484,1
0.033272395,0.171828776,1
0.038783784,0.18999298,1
0.043076923,0.174057065,1
0.034718196,0.181229906,1
0.043880597,0.212826384,1
0.04638246,0.168369877,1
0.0525,0.166535012,1
0.039758308,0.156075354,1
0.040357143,0.15759119,1
0.075645161,0.159302815,1
0.046666667,0.160439384,1
0.028364689,0.161944936,1
0.05029703,0.164184347,1
0.041727019,0.154907432,1
0.068444444,0.154452766,1
0.029266771,0.154884046,1
0.029820194,0.153905435,1
0.051115619,0.153493238,1
0.041066667,0.158468931,1
0.04045977,0.1715094,1
0.035980231,0.146743891,1
0.040395257,0.162220209,1
0.055376045,0.168565033,1
0.03457976,0.154034902,1
0.052081031,0.170255988,1
0.04801214,0.163590556,1
0.055548387,0.168864273,1
0.041930116,0.168646965,1
0.029704348,0.154386378,1
0.036016598,0.171274184,1
0.042907662,0.149294877,1
0.050036101,0.173315469,1
0.033286713,0.161329265,1
0.042570533,0.152247848,1
0.036854701,0.170883459,1
0.036981132,0.173871215,1
0.036115326,0.166762332,1
0.026537718,0.17059824,1
0.038067979,0.16250019,1
0.029951378,0.170665074,1
0.045479452,0.158202935,1
0.053256484,0.161332165,1
0.050806452,0.16065721,1
0.044083045,0.168237785,1
0.053272451,0.151712185,1
0.048735632,0.178549588,1
0.080415225,0.153740674,1
0.039134775,0.167853687,1
0.068141593,0.135853976,1
0.043669725,0.171127535,1
0.061306018,0.168291876,1
0.043992606,0.179456497,1
0.023489933,0.1615251,1
0.052854914,0.15717938,1
0.05212766,0.153193288,1
0.050909091,0.172334626,1
0.044283361,0.147176643,1
0.046267806,0.171132993,1
0.051692308,0.163134112,1
0.050693069,0.155108963,1
0.038415842,0.16502917,1
0.046040268,0.158586188,1
0.045834684,0.140893381,1
0.062700855,0.164759153,1
0.055568401,0.163735086,1
0.080665813,0.166031015,1
0.097291382,0.156900482,1
0.071209877,0.157319159,1
0.091485149,0.148943382,1
0.051958763,0.158931781,1
0.075716198,0.15657981,1
0.058635294,0.154528512,1
0.068480463,0.156970524,1
0.091075269,0.155564741,1
0.08969697,0.159575018,1
0.096893733,0.151515371,1
0.037578947,0.165942654,1
0.071532847,0.158902795,1
0.082548148,0.161494324,1
0.063128834,0.145506924,1
0.067487179,0.162572001,1
0.074612006,0.157184967,1
0.077744035,0.166390453,1
0.059318519,0.154668019,1
0.049292196,0.149396993,1
0.040057225,0.168684758,1
0.054712644,0.167993765,1
0.0909299,0.165062765,1
0.05408547,0.166232868,1
0.071057402,0.138873912,1
0.038421955,0.152867824,1
0.083907285,0.161668007,1
0.092747804,0.147129846,1
0.047403156,0.151907144,1
0.076728838,0.163658085,1
0.075729537,0.163403703,1
0.046016713,0.171013078,1
0.073001715,0.161368268,1
0.061807407,0.147948889,1
0.05760218,0.175814204,1
0.040065041,0.165698658,1
0.058439201,0.155813435,1
0.065035461,0.149995957,1
0.069047619,0.163481816,1
0.090453721,0.138214469,1
0.065753425,0.164462303,1
0.094794521,0.153204607,1
0.029705305,0.16025404,1
0.072747664,0.155976768,1
0.058830964,0.175712217,1
0.044701754,0.1589211,1
0.035099715,0.150429897,1
0.072421053,0.149311494,1
0.045667216,0.158957657,1
0.036588022,0.172860553,1
0.063241379,0.158865203,1
0.073756098,0.169942273,1
0.087174281,0.150220213,1
0.07,0.175870756,1
0.058103757,0.151286223,1
0.092292994,0.141641622,1
0.03986755,0.146272263,1
0.058791541,0.163915987,1
0.062625608,0.159954913,1
0.097410296,0.153974098,1
0.031525926,0.165940251,1
0.035,0.169922188,1
0.03522293,0.161607891,1
0.039157895,0.168978115,1
0.037959184,0.17243533,1
0.041966427,0.159537141,1
0.03826087,0.16052139,1
0.028787879,0.155533619,1
0.028360958,0.146640722,1
0.048611111,0.173130222,1
0.035109718,0.168510296,1
0.045323741,0.164406576,1
0.045385621,0.163218449,1
0.053816156,0.166963268,1
0.038828968,0.167811912,1
0.03170441,0.165153936,1
0.044230769,0.181072956,1
0.033726474,0.172028261,1
0.044228433,0.166616898,1
0.052010178,0.160947502,1
0.036671803,0.158759348,1
0.031578947,0.170511301,1
0.026540284,0.147276514,1
0.038569536,0.144965116,1
0.041716329,0.162795983,1
0.048263158,0.164032999,1
0.034910941,0.155880247,1
0.055335968,0.15510755,1
0.038900145,0.154512561,1
0.022228412,0.170952436,1
0.046248399,0.155790334,1
0.034278351,0.159126464,1
0.046563877,0.156055037,1
0.029406393,0.147787494,1
0.053598326,0.153424744,1
0.042506964,0.158827159,1
0.03477707,0.149149059,1
0.057380026,0.159268993,1
0.03009901,0.167370369,1
0.02911315,0.168000528,1
0.041880342,0.157005279,1
0.043050431,0.15743349,1
0.061310345,0.153066366,1
0.025321739,0.159910555,1
0.046473029,0.165733717,1
0.038644918,0.172190552,1
0.047659574,0.16921177,1
0.047043011,0.155354032,1
0.045300462,0.165168949,1
0.038367347,0.160489928,1
0.041546135,0.162492435,1
0.053443983,0.159582559,1
0.053096296,0.156115171,1
0.06043628,0.151210667,1
0.058217822,0.158586543,1
0.081191223,0.157064388,1
0.044184397,0.165468611,1
0.031595331,0.161930462,1
0.044140127,0.172737822,1
0.035674074,0.157880067,1
0.020449438,0.178120001,1
0.028989899,0.191420503,1
0.029226804,0.199391503,1
0.028118812,0.185773286,1
0.030764331,0.19273069,1
0.026111908,0.208405934,1
0.022508039,0.185090376,1
0.027591241,0.199985028,1
0.02841791,0.193550108,1
0.020023838,0.205628886,1
0.028571429,0.201308473,1
0.026778523,0.186353352,1
0.036538462,0.19384676,1
0.032290679,0.178594,1
0.028360129,0.193841156,1
0.029565217,0.199947505,1
0.027617602,0.185324478,1
0.027073791,0.182938595,1
0.025903084,0.192755101,1
0.018585419,0.216208463,1
0.020384615,0.198367466,1
0.025491924,0.181726901,1
0.02431259,0.194933052,1
0.018006431,0.201542406,1
0.026331126,0.204461775,1
0.030781457,0.210201916,1
0.023333333,0.193625089,1
0.024299065,0.199504982,1
0.018172185,0.196659379,1
0.024959481,0.192559155,1
0.026535948,0.205575396,1
0.024761905,0.198253566,1
0.027377778,0.199478502,1
0.034313725,0.185070034,1
0.025688073,0.205525376,1
0.023133903,0.193904145,1
0.026328358,0.193572168,1
0.024770932,0.20287237,1
0.020487805,0.185843239,1
0.017821782,0.206016186,1
0.026361323,0.189905198,1
0.019962477,0.189975507,1
0.02459168,0.204209781,1
0.022429907,0.207301671,1
0.021736842,0.204785801,1
0.020626959,0.204378022,1
0.031441578,0.202356319,1
0.032885906,0.198857785,1
0.018947368,0.199453826,1
0.023595506,0.202037127,1
0.019813084,0.181343769,1
0.030654206,0.181767481,1
0.028885191,0.197220764,1
0.026746269,0.212990197,1
0.023578947,0.201064854,1
0.025015674,0.201314392,1
0.039502075,0.20525978,1
0.017428958,0.201158151,1
0.027600519,0.194364919,1
0.028535032,0.179094634,1
0.030466321,0.147316831,1
0.056096718,0.167975047,1
0.048941176,0.151899612,1
0.036066482,0.15350922,1
0.047793881,0.156421617,1
0.038851675,0.174649859,1
0.047650602,0.174136654,1
0.035,0.172639121,1
0.041818182,0.177726686,1
0.050998249,0.16636358,1
0.025890411,0.165369492,1
0.04659854,0.172656059,1
0.051419753,0.170578573,1
0.060030628,0.158241622,1
0.038582677,0.158021484,1
0.03215311,0.175117137,1
0.033835377,0.161832683,1
0.046746167,0.151085663,1
0.029647059,0.168404873,1
0.055,0.152076518,1
0.046080893,0.154540101,1
0.032586207,0.162561553,1
0.043116883,0.162562175,1
0.048814505,0.163228251,1
0.042692308,0.158967245,1
0.050820244,0.160033078,1
0.03277037,0.166116977,1
0.043846154,0.160681115,1
0.037288136,0.169417298,1
0.045620329,0.128408572,1
0.051646341,0.170176198,1
0.036303448,0.174493779,1
0.037223043,0.167197956,1
0.050136571,0.151117782,1
0.049072165,0.174941779,1
0.047532097,0.142429874,1
0.056386207,0.170923525,1
0.047575221,0.161001747,1
0.047307692,0.157491497,1
0.039052632,0.171381243,1
0.038656716,0.156229122,1
0.037470588,0.144865258,1
0.052248804,0.163816566,1
0.030861723,0.188364431,1
0.042453152,0.192886326,1
0.058652095,0.140486632,1
0.048424658,0.154901306,1
0.039929577,0.158807425,1
0.038072289,0.1772518,1
0.05609589,0.157740347,1
0.043040541,0.172039918,1
0.034453125,0.193042613,1
0.039351351,0.157219977,1
0.042325581,0.146622009,1
0.031,0.170736467,1
0.047532097,0.150455147,1
0.041702128,0.17456798,1
0.027782946,0.161336716,1
0.046294821,0.190997931,1
0.052266667,0.175569821,1
0.075682657,0.155756262,1
0.097180851,0.112938583,1
0.140727903,0.172746368,1
0.060521447,0.171227239,1
0.063161239,0.183937143,1
0.065733634,0.166441611,1
0.03002681,0.175445757,1
0.056949153,0.17778247,1
0.047695057,0.171572826,1
0.083497758,0.169398034,1
0.07018617,0.162058021,1
0.056914701,0.155793644,1
0.062967543,0.163508529,1
0.080373396,0.145143161,1
0.077885615,0.158043421,1
0.060580475,0.161211378,1
0.061036331,0.128825057,1
0.034030384,0.171544526,1
0.053671215,0.168331086,1
0.043384791,0.160906049,1
0.061565691,0.166202625,1
0.054869638,0.185144888,1
0.041742682,0.156298339,1
0.042123894,0.159738376,1
0.056291161,0.160002814,1
0.039154755,0.169427609,1
0.036129032,0.156478723,1
0.060606768,0.147448205,1
0.040152454,0.16122541,1
0.072449483,0.148569013,1
0.081583288,0.158308818,1
0.210622618,0.16932331,1
0.205692977,0.162347743,1
0.179910634,0.153273219,1
0.207511592,0.152379716,1
0.205634096,0.15651042,1
0.064282958,0.143233587,1
0.084724618,0.144872188,1
0.082201835,0.139501725,1
0.052242812,0.115924709,1
0.047870968,0.150452396,1
0.089283366,0.135355236,1
0.050857909,0.15187454,1
0.060213049,0.149658079,1
0.053711272,0.141489655,1
0.090006854,0.135854858,1
0.088704278,0.133029623,1
0.059726368,0.150336302,1
0.042223642,0.144369366,1
0.063406814,0.139709901,1
0.059082569,0.145856256,1
0.048981233,0.155391718,1
0.066209386,0.135526011,1
0.072090246,0.13754171,1
0.060632145,0.143245488,1
0.045333333,0.166014658,1
0.082455053,0.139934049,1
0.078144044,0.13411318,1
0.109680923,0.136661522,1
0.108516746,0.137689963,1
0.07962963,0.127714874,1
0.084141414,0.150188843,1
0.063768116,0.149621845,1
0.054048257,0.156893885,1
0.050133333,0.138406547,1
0.081380226,0.135003099,1
0.063009321,0.144303965,1
0.039707057,0.157395794,1
0.052791128,0.136771932,1
0.054877102,0.141368775,1
0.052197071,0.147863789,1
0.061162325,0.144967916,1
0.067488987,0.124912534,1
0.080308682,0.128416981,1
0.057411444,0.151861686,1
0.041187335,0.153659891,1
0.048454883,0.132835045,1
0.071666667,0.151881008,1
0.096305732,0.127532174,1
0.082550505,0.152388796,1
0.047813713,0.148144469,1
0.063219773,0.142307595,1
0.070888444,0.126735641,1
0.053651613,0.1510334,1
0.063382637,0.141752607,1
0.092276964,0.1383623,1
0.0829061,0.146290295,1
0.048493696,0.15665944,1
0.016733068,0.190996323,1
0.019166148,0.198390422,1
0.023116279,0.201443497,1
0.021700405,0.216425977,1
0.024948595,0.18767954,1
0.027927928,0.186564302,1
0.022434251,0.189192694,1
0.033444893,0.220862815,1
0.014557731,0.195991461,1
0.02057508,0.196510351,1
0.02522673,0.216266359,1
0.030980156,0.203146841,1
0.021674877,0.18924709,1
0.023586471,0.203805874,1
0.027965895,0.185862043,1
0.038256773,0.223417049,1
0.01549101,0.185932005,1
0.024521739,0.188497375,1
0.025247237,0.217256683,1
0.026951009,0.209671696,1
0.023333333,0.170642903,1
0.015111111,0.193415278,1
0.031185629,0.206129825,1
0.022601626,0.216738908,1
0.017082228,0.186967451,1
0.033832599,0.203334787,1
0.018154206,0.214654286,1
0.046529654,0.220892602,1
0.018017072,0.195464808,1
0.021236456,0.206316522,1
0.020900474,0.218888285,1
0.0278125,0.204826602,1
0.020719225,0.191010456,1
0.037945545,0.191724378,1
0.025532436,0.186734417,1
0.040768783,0.209384555,1
0.019317073,0.199436886,1
0.021649485,0.198408371,1
0.023652174,0.198550768,1
0.036339713,0.237636387,1
0.0205628,0.189033178,1
0.027130435,0.206608227,1
0.022481752,0.198475586,1
0.039281159,0.23113529,1
0.023317663,0.198487803,1
0.030224378,0.206273763,1
0.020669975,0.181239151,1
0.035081967,0.20506342,1
0.022631931,0.185631881,1
0.029102091,0.191390614,1
0.029482654,0.19441427,1
0.030052786,0.216283658,1
0.032468828,0.15325753,1
0.036076923,0.148968582,1
0.036798959,0.156560123,1
0.031091593,0.150670498,1
0.033707006,0.147798966,1
0.027981591,0.149344159,1
0.026050524,0.15779376,1
0.027194888,0.154721205,1
0.025406758,0.163485753,1
0.023380094,0.159227483,1
0.025712476,0.162527588,1
0.021258923,0.159489859,1
0.021880559,0.167240677,1
0.020168722,0.159285945,1
0.023261004,0.154155768,1
0.03006077,0.157224173,1
0.028146214,0.161544976,1
0.027861557,0.149311753,1
0.025421293,0.154205703,1
0.0378019,0.157833274,1
0.031070733,0.14667784,1
0.023978422,0.162479382,1
0.032342635,0.152409397,1
0.024737516,0.158307953,1
0.032171009,0.160899799,1
0.027755611,0.149046707,1
0.019564103,0.156314605,1
0.021265823,0.151182217,1
0.026605505,0.160142788,1
0.026573248,0.152650831,1
0.031111111,0.15742319,1
0.034773609,0.155458006,1
0.01981982,0.15177942,1
0.02855377,0.150485217,1
0.038535354,0.153420209,1
0.032831446,0.150436702,1
0.019668655,0.144035393,1
0.028180645,0.148629611,1
0.026012903,0.159808473,1
0.027177033,0.161024632,1
0.025832258,0.146713622,1
0.032920575,0.159752122,1
0.039806763,0.170329058,1
0.023931624,0.155522989,1
0.022076923,0.141954163,1
0.030236422,0.155250684,1
0.026725664,0.161084968,1
0.028713259,0.157125016,1
0.036218905,0.154232412,1
0.027255029,0.159521606,1
0.049482185,0.144925587,1
0.063354245,0.148723685,1
0.062688465,0.152191722,1
0.049606821,0.15199433,1
0.052427184,0.144216275,1
0.057166139,0.146232607,1
0.066215435,0.145248375,1
0.036986047,0.152124648,1
0.059512701,0.149381785,1
0.043316144,0.14362235,1
0.051324864,0.162481995,1
0.04024855,0.162725948,1
0.094235105,0.139618395,1
0.127600897,0.155415682,1
0.05531736,0.187145038,1
0.046106346,0.154121209,1
0.043193096,0.165324022,1
0.049122807,0.152966523,1
0.050689655,0.200298385,1
0.041143617,0.190322678,1
0.138813559,0.180637791,1
0.147810321,0.191845792,1
0.150602782,0.17870532,1
0.162105263,0.178684467,1
0.163579863,0.181535979,1
0.15880597,0.189393946,1
0.134052288,0.169835634,1
0.152103472,0.179612698,1
0.17992852,0.17804021,1
0.157712305,0.183565393,1
0.166899017,0.178363459,1
0.163850642,0.1708931,1
0.135906433,0.183387146,1
0.155234313,0.182513,1
0.143054929,0.191163307,1
0.178659517,0.160473191,1
0.146834031,0.182431307,1
0.177713178,0.190093027,1
0.172207447,0.187443837,1
0.159576271,0.183974138,1
0.036855271,0.163058558,1
0.055551744,0.168530739,1
0.055292553,0.155380193,1
0.049707447,0.191703714,1
0.063460949,0.146782923,1
0.051165919,0.149237041,1
0.144671115,0.18286335,1
0.172039801,0.201599728,1
0.126084337,0.198474544,1
0.182590361,0.195639677,1
0.151859186,0.182789591,1
0.162193087,0.188979666,1
0.190936383,0.209917677,1
0.1764347,0.172374996,1
0.180755873,0.185606931,1
